{ "namespace": "aui-about_section",
  "root_section": { 
    "type": "stack_panel",
    "size": [ "95%", "100%c" ],
    "anchor_from": "top_middle",
    "anchor_to": "top_middle",
    "controls": [
      { "padding00": { "type": "panel", "size": [ 1, 20 ]}},
      { "padding01": { "type": "panel", "size": [ 1, 10 ]}},
      { "titlelogo": { "type": "image", "texture": "textures/ui/title", "size": [ "100%", 30 ] }},
      { "padding02": { "type": "panel", "size": [ 1, 10 ]}},
      { "label00@aui-common.label_element": { "text": "Digital-UI Version\n§7- v2.0.0 [ 16/10/2023 ]\n§7- Settings version : 1.20.30\n§7- By Arcdustry, Jung Ganmyeon" }},
      { "padding03": { "type": "panel", "size": [ 1, 10 ]}},
      { "media": {
          "type": "stack_panel",
          "size": [ "100%", "100%c" ],
          "controls": [
            { "mcpedl": {
                "type": "panel",
                "size": [ "100%", 20 ],
                "controls": [
                  { "logo": {
                      "type": "image",
                      "size": [ 22, 22 ],
                      "anchor_from": "left_middle",
                      "anchor_to": "left_middle",
                      "texture": ".aui/.aui-assets/icons/mcpedllogo"
                  }},
                  { "label01": {
                      "type": "label",
                      "text": "MCPEDL Profile",
                      "anchor_from": "left_middle",
                      "anchor_to": "left_middle",
                      "offset": [ 28, -5 ]
                  }},
                  { "label02": {
                      "type": "label",
                      "text": "§7............",
                      "anchor_from": "left_middle",
                      "anchor_to": "left_middle",
                      "offset": [ 28, 5 ]
                }}
            ]}},
            { "discord": {
                "type": "panel",
                "size": [ "100%", 20 ],
                "controls": [
                  { "logo": {
                      "type": "image",
                      "size": [ 22, 22 ],
                      "anchor_from": "left_middle",
                      "anchor_to": "left_middle",
                      "texture": ".aui/.aui-assets/icons/discordlogo"
                  }},
                  { "label01": {
                      "type": "label",
                      "text": "Discord Profile/Server",
                      "anchor_from": "left_middle",
                      "anchor_to": "left_middle",
                      "offset": [ 28, -5 ]
                  }},
                  { "label02": {
                      "type": "label",
                      "text": "§7............",
                      "anchor_from": "left_middle",
                      "anchor_to": "left_middle",
                      "offset": [ 28, 5 ]
                }}
            ]}},
            { "youtube": {
                "type": "panel",
                "size": [ "100%", 20 ],
                "controls": [
                  { "logo": {
                      "type": "image",
                      "size": [ 22, 22 ],
                      "anchor_from": "left_middle",
                      "anchor_to": "left_middle",
                      "texture": ".aui/.aui-assets/icons/ytlogo"
                  }},
                  { "label01": {
                      "type": "label",
                      "text": "YouTube",
                      "anchor_from": "left_middle",
                      "anchor_to": "left_middle",
                      "offset": [ 28, -5 ]
                  }},
                  { "label02": {
                      "type": "label",
                      "text": "§7............",
                      "anchor_from": "left_middle",
                      "anchor_to": "left_middle",
                      "offset": [ 28, 5 ]
                  }}
            ]}},
            { "planetminecraft": {
                "type": "panel",
                "size": [ "100%", 20 ],
                "controls": [
                  { "logo": {
                      "type": "image",
                      "size": [ 22, 22 ],
                      "anchor_from": "left_middle",
                      "anchor_to": "left_middle",
                      "texture": ".aui/.aui-assets/icons/planetminecraftlogo"
                  }},
                  { "label01": {
                      "type": "label",
                      "text": "PlanetMinecraft",
                      "anchor_from": "left_middle",
                      "anchor_to": "left_middle",
                      "offset": [ 28, -5 ]
                  }},
                  { "label02": {
                      "type": "label",
                      "text": "§7............",
                      "anchor_from": "left_middle",
                      "anchor_to": "left_middle",
                      "offset": [ 28, 5 ]
                }}]
          }}]
      }},
      { "padding04": { "type": "panel", "size": [ 1, 10 ]}},
      { "label01@aui-common.label_element": { "text": "arc-ui.about.uiinfo" }},
      { "padding05": { "type": "panel", "size": [ 1, 10 ]}},
      { "label01@aui-common.label_element": { "text": "arc-ui.about.credit.title" }},
      { "label02@aui-common.label_element": { "text": "arc-ui.about.credit.harlow" }},
      { "label02@aui-common.label_element": { "text": "arc-ui.about.credit.valve" }},
      { "label02@aui-common.label_element": { "text": "arc-ui.about.credit.brazil.lang" }},
      { "padding06": { "type": "panel", "size": [ 1, 10 ]}}
]}}