{ "namespace": "aui-changelog_section",
  "root_section": { 
    "type": "stack_panel",
    "size": [ "95%", "100%c" ],
    "anchor_from": "top_middle",
    "anchor_to": "top_middle",
    "controls": [
      { "padding00": { "type": "panel", "size": [ 1, 20 ]}},
      { "label01@aui-common.label_element": { "ignored": "(not $show_changelog)", "text": "arc-ui.about.changelog.config.enabled" }},
      { "label02@aui-common.label_element": { "ignored": "$show_changelog", "text": "arc-ui.about.changelog.config.disabled" }},
      { "padding01": { "type": "panel", "size": [ 1, 10 ]}},
      { "v2-1@aui-common.changelog_v2_core": {
          "ignored": "(not $show_changelog)",
          "$auivar:changelog_version": "v2.1",
          "$auivar:changelog_control": [
            { "label-line_001@aui-common.label_element": { "text": "arc-ui.section.changelogv2desc.v2-1.001" }},
            { "label-line_002@aui-common.label_element": { "text": "arc-ui.section.changelogv2desc.v2-1.002" }},
            { "padding01": { "type": "panel", "size": [ 0, 10 ] }},
            { "label-line_003@aui-common.label_element": { "text": "arc-ui.section.changelogv2desc.v2-1.003" }},
            { "label-line_004@aui-common.label_element": { "text": "arc-ui.section.changelogv2desc.v2-1.004" }},
            { "padding02": { "type": "panel", "size": [ 0, 10 ] }},
            { "label-line_update@aui-common.label_element": { "text": "arc-ui.setting.changelogv2desc.addition-update" }},
            { "label-line_005@aui-common.label_element": { "text": "arc-ui.section.changelogv2desc.v2-1.005" }},
            { "label-line_006@aui-common.label_element": { "text": "arc-ui.section.changelogv2desc.v2-1.006" }},
            { "label-line_007@aui-common.label_element": { "text": "arc-ui.section.changelogv2desc.v2-1.007" }},
            { "label-line_008@aui-common.label_element": { "text": "arc-ui.section.changelogv2desc.v2-1.008" }},
            { "label-line_009@aui-common.label_element": { "text": "arc-ui.section.changelogv2desc.v2-1.009" }},
            { "label-line_010@aui-common.label_element": { "text": "arc-ui.section.changelogv2desc.v2-1.010" }},
            { "label-line_011@aui-common.label_element": { "text": "arc-ui.section.changelogv2desc.v2-1.011" }},
            { "label-line_012@aui-common.label_element": { "text": "arc-ui.section.changelogv2desc.v2-1.012" }},
            { "label-line_013@aui-common.label_element": { "text": "arc-ui.section.changelogv2desc.v2-1.013" }},
            { "label-line_014@aui-common.label_element": { "text": "arc-ui.section.changelogv2desc.v2-1.014" }},
            { "label-line_015@aui-common.label_element": { "text": "arc-ui.section.changelogv2desc.v2-1.015" }},
            { "label-line_016@aui-common.label_element": { "text": "arc-ui.section.changelogv2desc.v2-1.016" }},
            { "label-line_017@aui-common.label_element": { "text": "arc-ui.section.changelogv2desc.v2-1.017" }},
            { "label-line_018@aui-common.label_element": { "text": "arc-ui.section.changelogv2desc.v2-1.018" }},
            { "label-line_019@aui-common.label_element": { "text": "arc-ui.section.changelogv2desc.v2-1.019" }},
            { "label-line_020@aui-common.label_element": { "text": "arc-ui.section.changelogv2desc.v2-1.020" }},
            { "label-line_021@aui-common.label_element": { "text": "arc-ui.section.changelogv2desc.v2-1.021" }},
            { "label-line_022@aui-common.label_element": { "text": "arc-ui.section.changelogv2desc.v2-1.022" }},
            { "label-line_023@aui-common.label_element": { "text": "arc-ui.section.changelogv2desc.v2-1.023" }},
            { "label-line_024@aui-common.label_element": { "text": "arc-ui.section.changelogv2desc.v2-1.024" }},
            { "label-line_025@aui-common.label_element": { "text": "arc-ui.section.changelogv2desc.v2-1.025" }},
            { "label-line_026@aui-common.label_element": { "text": "arc-ui.section.changelogv2desc.v2-1.026" }},
            { "padding03": { "type": "panel", "size": [ 0, 10 ] }},
            { "label-line_bug_fixes@aui-common.label_element": { "text": "arc-ui.setting.changelogv2desc.bug-fixes" }},
            { "label-line_027@aui-common.label_element": { "text": "arc-ui.section.changelogv2desc.v2-1.027" }},
            { "label-line_028@aui-common.label_element": { "text": "arc-ui.section.changelogv2desc.v2-1.028" }},
            { "label-line_029@aui-common.label_element": { "text": "arc-ui.section.changelogv2desc.v2-1.029" }},
            { "label-line_030@aui-common.label_element": { "text": "arc-ui.section.changelogv2desc.v2-1.030" }},
            { "label-line_031@aui-common.label_element": { "text": "arc-ui.section.changelogv2desc.v2-1.031" }},
            { "label-line_032@aui-common.label_element": { "text": "arc-ui.section.changelogv2desc.v2-1.032" }},
            { "label-line_033@aui-common.label_element": { "text": "arc-ui.section.changelogv2desc.v2-1.033" }},
            { "label-line_034@aui-common.label_element": { "text": "arc-ui.section.changelogv2desc.v2-1.034" }},
            { "label-line_035@aui-common.label_element": { "text": "arc-ui.section.changelogv2desc.v2-1.035" }},
            { "padding04": { "type": "panel", "size": [ 0, 10 ] }},
            { "label-line_changes@aui-common.label_element": { "text": "arc-ui.setting.changelogv2desc.changes" }},
            { "label-line_036@aui-common.label_element": { "text": "arc-ui.section.changelogv2desc.v2-1.036" }},
            { "label-line_037@aui-common.label_element": { "text": "arc-ui.section.changelogv2desc.v2-1.037" }},
            { "label-line_038@aui-common.label_element": { "text": "arc-ui.section.changelogv2desc.v2-1.038" }},
            { "label-line_039@aui-common.label_element": { "text": "arc-ui.section.changelogv2desc.v2-1.039" }}
      ]}}
