{ "namespace": "auicore_configloader",
  "core@auicore-configsource.element": {
    "$auivar:config_theme_alpha|default": 0.75,
    "$ver|default": "1.2",
    "$key|default": "failback",
    "$Testvalue|default": false,
    "$configname|default": "Failmode Default",
    "$bottom_bar_background_alpha|default": 0.75,
    "$bottom_bar_background_color|default": [ 0, 0, 0, 0 ],
    "$bottom_bar_font_color|default": "$f_color_format",
    "$bottom_bar_font_type|default": "kazesawa",
    "$show_changelog|default": true,
    "$slider_icon_color|default": [ 1, 1, 1 ],
    "$primary_color|default": [ 1, 1, 1 ],
    "$setting_button_icon_color|default": [ 1, 1, 1 ],
    "$background_menu_color|default": [ 0, 0, 0, 0.75 ],
    "$background_standard_color_top|default": [ 0, 0, 0, 0.75 ],
    "$background_standard_color_bottom|default": [ 0, 0, 0, 0.75 ],
    "$toggle_icon_color|default": [ 1, 1, 1 ],
    "$toggle_background_color|default": [ 1, 1, 1 ],
    "$slider_color|default": [ 1, 1, 1 ],
    "$slider_hover_color|default": [ 1, 1, 1 ],
    "$slider_background_color|default": [ 0.1, 0.1, 0.1 ],
    "$slider_background_hover_color|default": [ 0.2, 0.2, 0.2 ],
    "$show_warning_notification|default": false,
    "$no_marketplace_button|default": false,
    "$background_renderer|default": false,
    "$gradient_renderer|default": true,
    "$oled_mode|default": false,
    "$allow_bottom_bar_customization|default": false,
    "$custom_loading_background_overworld|default": false,
    "$custom_loading_background_nether|default": false,
    "$custom_loading_background_theend|default": false,
    "$legacy_ui_layout|default": false,
    "$main_menu_background|default": false,
    "$no_xbox_profile_icon|default": false,
    "variables": [
      { "requires": "($oled_mode)",
        "$auivar:config_theme_alpha": 1
    }]
}}