{
  "format_version": "1.10.0",
  "minecraft:client_entity": {
    "description": {
      "identifier": "minecraft:player",
      "materials": {
        "default": "entity_alphatest",
        "cape": "entity_alphatest",
        "animated": "player_animated",
        "emissive": "ambient_emissive",
        "alpha": "ambient_alpha",
        //using blending materials in HUD can cause some 3rd person models to render translucent
        "offhand_slot": "entity_alphablend",
        "hitbox": "entity_emissive_alpha",
        "direction_hud": "direction_hud"
      },
      "textures": {
        "default": "textures/entity/steve",
        "cape": "textures/entity/cape_invisible",

        "leather_helmet": "textures/utility_components/leather_armor_sprites/leather_helmet",
        "leather_chestplate": "textures/utility_components/leather_armor_sprites/leather_chestplate",
        "leather_leggings": "textures/utility_components/leather_armor_sprites/leather_leggings",
        "leather_boots": "textures/utility_components/leather_armor_sprites/leather_boots",
        "chainmail_helmet": "textures/items/chainmail_helmet",
        "chainmail_chestplate": "textures/items/chainmail_chestplate",
        "chainmail_leggings": "textures/items/chainmail_leggings",
        "chainmail_boots": "textures/items/chainmail_boots",
        "diamond_helmet": "textures/items/diamond_helmet",
        "diamond_chestplate": "textures/items/diamond_chestplate",
        "diamond_leggings": "textures/items/diamond_leggings",
        "diamond_boots": "textures/items/diamond_boots",
        "gold_helmet": "textures/items/gold_helmet",
        "gold_chestplate": "textures/items/gold_chestplate",
        "gold_leggings": "textures/items/gold_leggings",
        "gold_boots": "textures/items/gold_boots",
        "iron_helmet": "textures/items/iron_helmet",
        "iron_chestplate": "textures/items/iron_chestplate",
        "iron_leggings": "textures/items/iron_leggings",
        "iron_boots": "textures/items/iron_boots",
        "netherite_helmet": "textures/items/netherite_helmet",
        "netherite_chestplate": "textures/items/netherite_chestplate",
        "netherite_leggings": "textures/items/netherite_leggings",
        "netherite_boots": "textures/items/netherite_boots",
        "elytra": "textures/items/elytra",
        "turtle_helmet": "textures/items/turtle_helmet",
        "arrow": "textures/items/arrow",
        "firework_rocket": "textures/items/fireworks",
        "map": "textures/items/map_filled",
        "totem": "textures/items/totem",
        "nautilus_shell": "textures/items/nautilus",
        "direction_hud": "textures/utility_components/modules/direction_hud",
        "shield": "textures/entity/shield",
        "offhand_slot": "textures/utility_components/modules/offhand_slot",
        "bow_0": "textures/items/bow_standby",
        "bow_1": "textures/items/bow_pulling_0",
        "bow_2": "textures/items/bow_pulling_1",
        "bow_3": "textures/items/bow_pulling_2",
				"jumping": "textures/utility_components/input_indicators/jumping",
				"moving": "textures/utility_components/input_indicators/moving",
				"swimming": "textures/utility_components/input_indicators/swimming",
				"on_fire": "textures/utility_components/input_indicators/fire",
				"gliding": "textures/utility_components/input_indicators/flying",
				"sneaking": "textures/utility_components/input_indicators/sneaking",
				"sprinting": "textures/utility_components/input_indicators/sprinting",
				"standing": "textures/utility_components/input_indicators/standing"
      },
      "geometry": {
        "default": "geometry.humanoid.custom",
        "utilmodel": "geometry.utilmodel",
        "cape": "geometry.cape",
        "offhand_shield": "geometry.offhand_shield",
        "hud_helmet": "geometry.hud_helmet",
        "hud_chestplate": "geometry.hud_chestplate",
        "hud_leggings": "geometry.hud_leggings",
        "hud_boots": "geometry.hud_boots",
        "direction_hud": "geometry.direction_hud",
        "hud_offhand": "geometry.hud_offhand",
        "hud_offhand_shield": "geometry.hud_offhand_shield",
        "hud_offhand_slot": "geometry.hud_offhand_slot",
        "bow_progress": "geometry.bow_progress",

				"input_indicator": "geometry.input_indicator"
      },
      "scripts": {
        "scale": "0.9375",
        "initialize": [
          "variable.is_holding_right = 0.0;",
          "variable.is_blinking = 0.0;",
          "variable.last_blink_time = 0.0;",
          "variable.hand_bob = 0.0;",
          "variable.this = 0.0;",
          "variable.life_time = 0.0;",
          "variable.direction_hud = 0.0;",
          "variable.hud_render1 = 0.0;",
          "variable.hud_render2 = 0.0;",
          "variable.third_person_render = 0.0;",
          "variable.enchanted_helmet = 0.0;",
          "variable.enchanted_chestplate = 0.0;",
          "variable.enchanted_leggings = 0.0;",
          "variable.enchanted_boots = 0.0;",
          "variable.item_use_normalized = 0.0;",
          "variable.use_item_type = 0.0;",
          "variable.modified_move_speed = 0.0;",
					"v.input_idx = -1.0;"
        ],
        "pre_animation": [
          "variable.hud_render1 = !query.is_riding && !query.is_gliding;",
          "variable.hud_render2 = variable.hud_render1 && variable.this && query.is_in_ui;",
          "variable.third_person_render = variable.hud_render1 && query.is_alive && !query.is_in_ui && !variable.map_face_icon && !variable.is_first_person && !variable.is_paperdoll;",
          "variable.enchanted_helmet = query.armor_material_slot(0) == 1 || query.armor_material_slot(0) == 3;",
          "variable.enchanted_chestplate = query.armor_material_slot(1) == 1 || query.armor_material_slot(1) == 3;",
          "variable.enchanted_leggings = query.armor_material_slot(2) == 1 || query.armor_material_slot(2) == 3;",
          "variable.enchanted_boots = query.armor_material_slot(3) == 1 || query.armor_material_slot(3) == 3;",
          "variable.helmet_layer_visible = 1.0;",
          "variable.leg_layer_visible = 1.0;",
          "variable.boot_layer_visible = 1.0;",
          "variable.chest_layer_visible = 1.0;",
          "variable.attack_body_rot_y = Math.sin(360*Math.sqrt(variable.attack_time)) * 5.0;",
          "variable.tcos0 = (math.cos(query.modified_distance_moved * 38.17) * query.modified_move_speed / variable.gliding_speed_value) * 57.3;",
          "variable.first_person_rotation_factor = math.sin((1 - variable.attack_time) * 180.0);",
          "variable.hand_bob = query.life_time < 0.01 ? 0.0 : variable.hand_bob + ((query.is_on_ground && query.is_alive ? math.clamp(math.sqrt(math.pow(query.position_delta(0), 2.0) + math.pow(query.position_delta(2), 2.0)), 0.0, 0.1) : 0.0) - variable.hand_bob) * 0.02;",
          "variable.map_angle = math.clamp(1 - variable.player_x_rotation / 45.1, 0.0, 1.0);",
          "variable.item_use_normalized = query.main_hand_item_use_duration / query.main_hand_item_max_duration;",

					"v.input_idx = (q.is_jumping ? 0 : (q.is_sneaking ? 1 : (q.is_swimming ? 2 : (q.on_fire_time ? 3 : (q.is_sprinting ? 4 : ((q.modified_move_speed >= 0.02) ? 5 : ((q.modified_move_speed < 0.02) ? 6 : -1)))))));"
        ],
        "animate": [
          "root",
          "this",
          "direction_hud",
          "direction_hud_position",
           "utilanim",
          //when the player flies with an elytra or rides an entity, its root is offset and is not
          //easily correctable with an animation, so for now rendering of custom utility models is
          //disabled when the player is in either of these states.
          { "hud_utility": "variable.hud_render2" }
        ]
      },
      "animations": {
      	"this": "controller.animation.this",
      	"hud_utility": "controller.animation.hud_utility",
        "offhand_shield": "animation.offhand_shield",
        "armor_root": "animation.armor_root",
        "hud_armor_root": "animation.hud_armor_root",
        "hud_offhand": "animation.hud_offhand",
                  "direction_hud": "controller.animation.direction_hud",
          "direction_hud_position": "animation.direction_hud_position",
        "hud_offhand_slot": "animation.hud_offhand_slot",
        "utilanim":"animation.utilanim",

				"hud_input_indicator": "animation.hud_input_indicator",

        "bow_root": "animation.bow_root",
        "root": "controller.animation.player.root",
        "base_controller": "controller.animation.player.base",
        "hudplayer":  "controller.animation.player.hudplayer",
        "humanoid_base_pose": "animation.humanoid.base_pose",
        "look_at_target": "controller.animation.humanoid.look_at_target",
        "look_at_target_ui": "animation.player.look_at_target.ui",
        "look_at_target_default": "animation.humanoid.look_at_target.default",
        "look_at_target_gliding": "animation.humanoid.look_at_target.gliding",
        "look_at_target_swimming": "animation.humanoid.look_at_target.swimming",
        "look_at_target_inverted": "animation.player.look_at_target.inverted",
        "cape": "animation.player.cape",
        "move.arms": "animation.player.move.arms",
        "move.legs": "animation.player.move.legs",
        "swimming": "animation.player.swim",
        "swimming.legs": "animation.player.swim.legs",
        "riding.arms": "animation.player.riding.arms",
        "riding.legs": "animation.player.riding.legs",
        "holding": "animation.player.holding",
        "brandish_spear": "animation.humanoid.brandish_spear",
        "charging": "animation.humanoid.charging",
        "attack.positions": "animation.player.attack.positions",
        "attack.rotations": "animation.player.attack.rotations",
        "sneaking": "animation.player.sneaking",
        "bob": "animation.player.bob",
        "damage_nearby_mobs": "animation.humanoid.damage_nearby_mobs",
        "fishing_rod": "animation.humanoid.fishing_rod",
        "use_item_progress": "animation.humanoid.use_item_progress",
        "skeleton_attack": "animation.skeleton.attack",
        "sleeping": "animation.player.sleeping",
        "first_person_base_pose": "animation.player.first_person.base_pose",
        "first_person_empty_hand": "animation.player.first_person.empty_hand",
        "first_person_swap_item": "animation.player.first_person.swap_item",
        "first_person_attack_controller": "controller.animation.player.first_person_attack",
        "first_person_attack_rotation": "animation.player.first_person.attack_rotation",
        "first_person_vr_attack_rotation": "animation.player.first_person.vr_attack_rotation",
        "first_person_map_controller": "controller.animation.player.first_person_map",
        "first_person_map_hold": "animation.player.first_person.map_hold",
        "first_person_map_hold_attack": "animation.player.first_person.map_hold_attack",
        "first_person_map_hold_off_hand": "animation.player.first_person.map_hold_off_hand",
        "first_person_map_hold_main_hand": "animation.player.first_person.map_hold_main_hand",
        "first_person_crossbow_equipped": "animation.player.first_person.crossbow_equipped",
        "third_person_crossbow_equipped": "animation.player.crossbow_equipped",
        "third_person_bow_equipped": "animation.player.bow_equipped",
        "crossbow_hold": "animation.player.crossbow_hold",
        "crossbow_controller": "controller.animation.player.crossbow",
        "shield_block_main_hand": "animation.player.shield_block_main_hand",
        "shield_block_off_hand": "animation.player.shield_block_off_hand",
        "blink": "controller.animation.persona.blink"
      },
      "render_controllers": [
        { "controller.render.player.first_person": "variable.is_first_person" },
        { "controller.render.player.third_person": "!variable.is_first_person && !variable.map_face_icon" },
        { "controller.render.player.map": "variable.map_face_icon" },


        { "controller.render.hud_helmet": "query.has_armor_slot(0) && variable.hud_render2" },
        { "controller.render.hud_chestplate": "query.has_armor_slot(1) && variable.hud_render2" },
                {
            "controller.render.direction_hud": "variable.is_paperdoll && !query.is_in_ui"
        },
        { "controller.render.hud_leggings": "query.has_armor_slot(2) && variable.hud_render2" },
                { "controller.render.utilmodel": "(!variable.is_first_person && ((!variable.is_first_person && query.target_x_rotation == 0 && query.modified_distance_moved <= 0.1) == 0))"},
        { "controller.render.hud_boots": "query.has_armor_slot(3) && variable.hud_render2" },
        { "controller.render.hud_offhand": "query.is_item_equipped(1) && variable.hud_render2" },
        { "controller.render.hud_offhand_slot": "query.is_item_equipped(1) && variable.hud_render2" },

				{ "controller.render.hud_input_indicator": "v.hud_render2 && (v.input_idx > -1)" }
      ],
      "enable_attachables": true
    }
  }
}