{ "namespace": "aui-setting_video",
  "video_element": {
    "type": "stack_panel",
    "size": [ "95%", "100%c" ],
    "anchor_from": "top_middle",
    "anchor_to": "top_middle",
    "controls": [
      { "pudding00": { "type": "panel", "size": [ 1, 20 ]}},
      { "brightness_slider@aui-setting_screen.option_slider": {
          "ignored": "($is_holographic)",
          "$option_label": "#gamma_slider_label",
          "$slider_name": "gamma",
          "$slider_value_binding_name": "#gamma",
          "$slider_tts_text_value": "#gamma_text_value",
          "$option_enabled_binding_name": "#gamma_enabled",
          "$focus_override_up": "FOCUS_OVERRIDE_STOP",
          "$label_bindings": [{ "binding_name": "$option_label" }]
      }},
      { "fov_slider@aui-setting_screen.option_slider": {
          "$ignored": "($is_holographic and $is_reality_mode and not $is_pregame)",
          "$option_label": "#field_of_view_slider_label",
          "$slider_tts_text_value": "#field_of_view_text_value",
          "$slider_name": "field_of_view",
          "$slider_value_binding_name": "#field_of_view",
          "$option_enabled_binding_name": "#field_of_view_enabled",
          "$label_bindings": [{ "binding_name": "$option_label" }]
      }},
      { "outline_selection_toggle@settings_common.option_toggle": {
          "ignored": "($is_holographic)",
          "$option_label": "options.classic_box_selection",
          "$option_binding_name": "#classic_box_selection",
          "$option_enabled_binding_name": "#classic_box_selection_enabled",
          "$toggle_name": "classic_box_selection"
      }},
      { "player_names_toggle@settings_common.option_toggle": {
          "$option_label": "options.ingamePlayerNames",
          "$option_binding_name": "#ingame_player_names",
          "$option_enabled_binding_name": "#ingame_player_names_enabled",
          "$toggle_name": "ingame_player_names"
      }},
      { "view_bobbing_toggle@settings_common.option_toggle": {
          "ignored": "($is_holographic and $is_reality_mode and not $is_pregame)",
          "$option_label": "options.viewBobbing",
          "$option_binding_name": "#view_bobbing",
          "$option_enabled_binding_name": "#view_bobbing_enabled",
          "$toggle_name": "view_bobbing"
      }},
      { "camera_shake_toggle@settings_common.option_toggle": {
          "ignored": "($is_holographic and $is_reality_mode and not $is_pregame)",
          "$option_label": "options.screenShake",
          "$option_binding_name": "#camera_shake",
          "$option_enabled_binding_name": "#camera_shake_enabled",
          "$toggle_name": "camera_shake"
      }},
      { "fancy_leaves_toggle@settings_common.option_toggle": {
          "$option_label": "options.transparentleaves",
          "$option_binding_name": "#transparent_leaves",
          "$option_enabled_binding_name": "#transparent_leaves_enabled",
          "$toggle_name": "transparent_leaves"
      }},
      { "fancy_bubbles_toggle@settings_common.option_toggle": {
          "$option_label": "options.bubbleparticles",
          "$option_binding_name": "#bubble_particles",
          "$option_enabled_binding_name": "#bubble_particles_enabled",
          "$toggle_name": "bubble_particles"
      }},
      { "render_clouds_toggle@settings_common.option_toggle": {
          "$option_label": "options.renderclouds",
          "$option_binding_name": "#render_clouds",
          "$option_enabled_binding_name": "#render_clouds_enabled",
          "$toggle_name": "render_clouds"
      }},
      { "fancy_clouds_toggle@settings_common.option_toggle": {
          "$option_label": "options.fancyskies",
          "$option_binding_name": "#fancy_skies",
          "$option_enabled_binding_name": "#fancy_skies_enabled",
          "$toggle_name": "fancy_skies"
      }},
      { "smooth_lighting_toggle@settings_common.option_toggle": {
          "ignored": "($is_holographic)",
          "$option_label": "options.smooth_lighting",
          "$option_binding_name": "#smooth_lighting",
          "$option_enabled_binding_name": "#smooth_lighting_enabled",
          "$toggle_name": "smooth_lighting"
      }},
      { "graphics_toggle@settings_common.option_toggle": {
          "ignored": "($is_holographic)",
          "$option_label": "options.graphics",
          "$option_binding_name": "#graphics_toggle",
          "$option_enabled_binding_name": "#graphics_toggle_enabled",
          "$toggle_name": "graphics_toggle"
      }},
      { "field_of_view_toggle@settings_common.option_toggle": {
          "$option_label": "options.fov.toggle",
          "$option_binding_name": "#field_of_view_toggle",
          "$option_enabled_binding_name": "#field_of_view_toggle_enabled",
          "$toggle_name": "field_of_view_toggle"
      }},
      { "upscaling_toggle@settings_common.option_toggle": {
          "ignored": "($is_holographic and $win10_edition)",
          "$option_label": "options.upscaling",
          "$option_binding_name": "#graphics_upscaling",
          "$option_enabled_binding_name": "#graphics_upscaling_enabled",
          "$toggle_name": "graphics_upscaling",
          "controls": [
            { "rtx_disabled_option_upsell@general_section.rtx_disabled_option_upsell": {
                "$rtx_disabled_option_upsell_visible": "#rtx_upscale_disabled_option_upsell_visible",
                "$rtx_disabled_option_is_hovered_button_event": "button.rtx_upscale_disabled_option_is_hovered",
                "$rtx_disabled_option_upsell_tooltip_visible": "#rtx_upscale_disabled_option_upsell_tooltip_visible"
            }},
            { "option_generic_core@settings_common.option_generic_core": {} }
      ]}},
      { "raytracing_toggle@settings_common.option_toggle": {
          "ignored": "($is_holographic)",
          "$option_label": "options.raytracing",
          "$option_binding_name": "#raytracing",
          "$option_enabled_binding_name": "#raytracing_enabled",
          "$toggle_name": "raytracing",
          "controls": [
            { "rtx_disabled_option_upsell@general_section.rtx_disabled_option_upsell": {} },
            { "option_generic_core@settings_common.option_generic_core": {} }
      ]}},
      { "raytracing_render_distance_slider@aui-setting_screen.option_slider": {
          "ignored": "($is_holographic)",
          "$option_label": "#raytracing_render_distance_slider_label",
          "$slider_name": "raytracing_render_distance",
          "$slider_value_binding_name": "#raytracing_render_distance",
          "$slider_tts_text_value": "#raytracing_render_distance_text_value",
          "$option_enabled_binding_name": "#raytracing_render_distance_enabled",
          "$slider_steps_binding_name": "#raytracing_render_distance_steps",
          "$label_bindings": [{ "binding_name": "$option_label" }],
          "controls": [
            { "rtx_render_distance_warning@general_section.rtx_render_distance_warning": {} },
            { "option_generic_core@settings_common.option_generic_core": {} }
          ],
          "bindings": [
            { "binding_name": "#show_raytracing_render_distance",
              "binding_name_override": "#visible"
          }]
      }},
      { "render_distance_slider@aui-setting_screen.option_slider": {
          "ignored": "($is_holographic)",
          "$option_label": "#render_distance_slider_label",
          "$slider_name": "render_distance",
          "$slider_value_binding_name": "#render_distance",
          "$slider_tts_text_value": "#render_distance_text_value",
          "$option_enabled_binding_name": "#render_distance_enabled",
          "$slider_steps_binding_name": "#render_distance_steps",
          "$label_bindings": [{ "binding_name": "$option_label" }],
          "controls": [
            { "render_distance_warning@general_section.render_distance_warning": {} },
            { "option_generic_core@settings_common.option_generic_core": {} }
          ],
          "bindings": [
            { "binding_name": "#show_render_distance",
              "binding_name_override": "#visible"
          }]
      }},
      { "render_distance_warning_text": {
          "type": "panel",
          "size": [ "100%", "100%cm + 16px" ],
          "controls": [
            { "render_distance_popup@common.static_tooltip_popup_with_image_and_text": {
                "size": [ "100% - 4px", "100%cm + 8px" ],
                "anchor_from": "top_middle",
                "anchor_to": "top_middle",
                "$tooltip_panel_offset": [ 0, 6 ],
                "$tooltip_popup_image": "textures/ui/WarningGlyph",
                "$tooltip_button_binding_type": "global",
                "$tooltip_button_collection_name": "",
                "$tooltip_popup_visible_binding": "#render_distance_warning_visible",
                "$tooltip_text_binding_name": "#render_distance_performance_tooltip_text",
                "$tooltip_chevron_anchor": "top_right",
                "$tooltip_popup_chevron_offset": [ "-30%x", "-10px" ],
                "$tooltip_popup_chevron_texture": "textures/ui/tooltip_inverted_chevron"
          }}],
          "bindings": [
            { "binding_name": "#render_distance_warning_visible",
              "binding_name_override": "#visible"
          }]
      }},
      { "pudding02": { "type": "panel", "size": [ 1, 10 ]}}
  ]},
  "video_exp_element": {
    "type": "stack_panel",
    "size": [ "95%", "100%c" ],
    "anchor_from": "top_middle",
    "anchor_to": "top_middle",
    "controls": [
      { "pudding00": { "type": "panel", "size": [ 1, 20 ]}},
      { "label00": {
          "type": "label",
          "size": [ "100%", "default" ],
          "max_size": [ "100%", "default" ],
          "text": "arc-ui.setting.video-experiment.warn",
          "shadow": false
      }},
      { "pudding01": { "type": "panel", "size": [ 1, 10 ]}},
      { "max_framerate_slider@aui-setting_screen.option_slider": {
          "$option_label": "#max_framerate_slider_label",
          "$slider_name": "max_framerate",
          "$slider_value_binding_name": "#max_framerate",
          "$slider_tts_text_value": "#max_framerate_text_value",
          "$option_enabled_binding_name": "#max_framerate_enabled",
          "$slider_steps_binding_name": "#max_framerate_steps",
          "$label_bindings": [{ "binding_name": "$option_label" }]
      }},
      { "msaa_slider@aui-setting_screen.option_slider": {
          "$option_label": "#msaa_slider_label",
          "$slider_name": "msaa",
          "$slider_value_binding_name": "#msaa",
          "$slider_tts_text_value": "#msaa_text_value",
          "$option_enabled_binding_name": "#msaa_enabled",
          "$slider_steps_binding_name": "#msaa_steps",
          "$label_bindings": [{ "binding_name": "$option_label" }]
      }},
      { "texel_anti_aliasing_toggle@settings_common.option_toggle": {
          "$option_label": "options.texelAA",
          "$option_binding_name": "#texel_aa",
          "$option_enabled_binding_name": "#texel_aa_enabled",
          "$toggle_name": "texel_aa"
      }}
  ]},
  "ui_element": {
    "type": "stack_panel",
    "size": [ "95%", "100%c" ],
    "anchor_from": "top_middle",
    "anchor_to": "top_middle",
    "controls": [
      { "pudding00": { "type": "panel", "size": [ 1, 20 ]}},
      { "fullscreen_toggle@settings_common.option_toggle": {
          "$show_fullscreen_toggle|default": true,
          "visible": "($show_fullscreen_toggle and not $is_holographic)",
          "$option_label": "options.fullscreen",
          "$option_binding_name": "#full_screen",
          "$option_enabled_binding_name": "#full_screen_enabled",
          "$toggle_name": "full_screen"
      }},
      { "option_toggle_hidehand@settings_common.option_toggle": {
          "ignored": "($is_holographic)",
          "$option_label": "options.hidehand",
          "$option_binding_name": "#hide_hand",
          "$option_enabled_binding_name": "#hide_hand_enabled",
          "$toggle_name": "hide_hand"
      }},
      { "hide_paperdoll_toggle@settings_common.option_toggle": {
          "$option_label": "options.hidepaperdoll",
          "$option_binding_name": "#hide_paperdoll",
          "$option_enabled_binding_name": "#hide_paperdoll_enabled",
          "$toggle_name": "hide_paperdoll"
      }},
      { "option_toggle_hidehud@settings_common.option_toggle": {
          "ignored": "($is_holographic)",
          "$option_label": "options.hidehud",
          "$option_binding_name": "#hide_hud",
          "$option_enabled_binding_name": "#hide_hud_enabled",
          "$toggle_name": "hide_hud"
      }},
      { "option_toggle_screen_animations@settings_common.option_toggle": {
          "ignored": "($is_holographic)",
          "$option_label": "options.screenAnimations",
          "$option_binding_name": "#screen_animations",
          "$option_enabled_binding_name": "#screen_animations_enabled",
          "$toggle_name": "screen_animations",
          "bindings": [
            { "binding_name": "#screen_animations_visible",
              "binding_name_override": "#visible"
          }]
      }},
      { "hud_opacity_slider@aui-setting_screen.option_slider": {
          "$option_label": "#interface_opacity_slider_label",
          "$slider_name": "interface_opacity",
          "$slider_value_binding_name": "#interface_opacity",
          "$slider_tts_text_value": "#interface_opacity_text_value",
          "$option_enabled_binding_name": "#interface_opacity_enabled",
          "$label_bindings": [{ "binding_name": "$option_label" }]
      }},
      { "gui_scale_slider@aui-setting_screen.option_slider": {
          "ignored": "($is_holographic)",
          "$option_label": "#gui_scale_slider_label",
          "$slider_name": "gui_scale",
          "$slider_value_binding_name": "#gui_scale",
          "$slider_tts_text_value": "#gui_scale_text_value",
          "$option_enabled_binding_name": "#gui_scale_enabled",
          "$slider_steps_binding_name": "#gui_scale_steps",
          "$label_bindings": [{ "binding_name": "$option_label" }],
          "bindings": [
            { "binding_name": "#gui_scale_visible",
              "binding_name_override": "#visible"
          }],
          "controls": [
            { "gui_scale_disabled_option@general_section.gui_scale_disabled_option": {
                "$gui_scale_disabled_option_visible": "#gui_scale_disabled_option_visible",
                "$gui_scale_disabled_option_is_hovered_button_event": "button.gui_scale_disabled_option_is_hovered",
                "$gui_scale_disabled_option_tooltip_visible": "#gui_scale_disabled_option_tooltip_visible"
            }},
            { "option_generic_core@settings_common.option_generic_core": {} }
      ]}},
      { "auto_save_icon_toggle@settings_common.option_toggle": {
          "$option_label": "options.showautosaveicon",
          "$option_binding_name": "#show_auto_save_icon",
          "$option_enabled_binding_name": "#show_auto_save_icon_enabled",
          "$toggle_name": "show_auto_save_icon"
      }},
      { "ui_profile_dropdown_label": {
          "type": "label",
          "size": [ "100%", "default" ],
          "max_size": [ "100%", "default" ],
          "text": "options.uiprofile",
          "shadow": false,
          "color": "$7_color_format"
      }},
      { "pudding012": { "type": "panel", "size": [ 1, 10 ]}},
      { "ui_profile_dropdown_content": {
          "type": "stack_panel",
          "size": [ "100%", 30 ],
          "orientation": "horizontal",
          "controls": [
            { "classic_ui@aui-setting_screen.dropdown_radio_button": {
                "size": [ "fill", 30 ],
                "$toggle_state_binding_name": "#ui_profile_radio_classic",
                "$radio_label_text": "options.uiprofile.classic"
            }},
            { "pocket_ui@aui-setting_screen.dropdown_radio_button": {
                "size": [ "fill", 30 ],
                "$toggle_state_binding_name": "#ui_profile_radio_pocket",
                "$radio_label_text": "options.uiprofile.pocket"
            }}
      ]}},
      { "pudding013": { "type": "panel", "size": [ 1, 10 ]}},
      { "fps_dropdown_label": {
          "type": "label",
          "size": [ "100%", "default" ],
          "max_size": [ "100%", "default" ],
          "text": "options.thirdperson",
          "shadow": false,
          "color": "$7_color_format"
      }},
      { "pudding014": { "type": "panel", "size": [ 1, 10 ]}},
      { "fps_dropdown_content": {
          "type": "stack_panel",
          "size": [ "100%", 30 ],
          "orientation": "horizontal",
          "controls": [
            { "firstperson@aui-setting_screen.dropdown_radio_button": {
                "size": [ "fill", 30 ],
                "$toggle_state_binding_name": "#thirdperson_radio_first",
                "$radio_label_text": "options.thirdperson.firstperson"
            }},
            { "thirdpersonback@aui-setting_screen.dropdown_radio_button": {
                "size": [ "fill", 30 ],
                "$toggle_state_binding_name": "#thirdperson_radio_third_back",
                "$radio_label_text": "options.thirdperson.thirdpersonback"
            }},
            { "thirdpersonfront@aui-setting_screen.dropdown_radio_button": {
                "size": [ "fill", 30 ],
                "$toggle_state_binding_name": "#thirdperson_radio_third_front",
                "$radio_label_text": "options.thirdperson.thirdpersonfront"
            }}
      ]}},
      { "pudding011": { "type": "panel", "size": [ 1, 10 ]}},
      { "setup_safe_zone": {
          "ignored": "(not $supports_user_configured_safezone or (not $is_pregame))",
          "type": "panel",
          "size": [ "100%", 32 ],
          "controls": [
            { "action_button@aui-setting_screen.action_button": {
                "$pressed_button_name": "setup_safe_zone_button",
                "$button_text": "options.safeZone.title",
                "anchor_from": "top_right",
                "anchor_to": "top_right"
            }}
      ]}},
      { "pudding69": { "type": "panel", "size": [ 1, 10 ]}}
  ]},
  "root_section": {
    "type": "stack_panel",
    "size": [ "100%", "100%c" ],
    "anchor_from": "top_left",
    "anchor_to": "top_left",
    "bindings": [
      { "binding_type": "view",
        "source_control_name": "video_button_toggle",
        "source_property_name": "#toggle_state",
        "target_property_name": "#visible"
    }],
    "controls": [
      { "pudding00": { "type": "panel", "size": [ "100%", 2 ]}},
      { "ui_element@aui-common.header_background_element": { "$auivar-header_contents": "aui-setting_video.ui_element", "$text": "arc-ui.settingtitle.video-interface" }},
      { "pudding01": { "type": "panel", "size": [ "100%", 2 ]}},
      { "video_element@aui-common.header_background_element": { "$auivar-header_contents": "aui-setting_video.video_element", "$text": "arc-ui.settingtitle.video-graphic" }},
      { "pudding02": { "type": "panel", "size": [ "100%", 2 ]}},
      { "video_exp_element@aui-common.header_background_element": { "$auivar-header_contents": "aui-setting_video.video_exp_element", "$text": "arc-ui.settingtitle.video-experiment" }},
      { "pudding03": { "type": "panel", "size": [ "100%", 2 ]}},
      { "reset_button@aui-setting_screen.action_button": {
          "ignored": "(not $is_pregame)",
          "$pressed_button_name": "button.reset_settings",
          "$button_text": "options.resetSettings",
          "property_bag": { "reset_group": "video" }
      }}
]}}