{
  "$song_name": "First Slot §f- §7*:**",
  "$song_name_2": "Second Slot §f- §7*:**",
  "$remove_mod_menu_background": false,
  
  "$dark_mode": true,
  "$custom_mode": false,
  "$vanilla_mode": false,
  
  "$is_utility_ui": true,
  
  "$armor_bg": false,
  "$hide_vignette": false,
  "$entity_detector": false,
  "$hide_scoreboard": false,
  "$hide_bossbar": false,
  "$hide_red_numbers": true,
  "$hide_bossbar_grid": false,
  "$safe_zone_checker": false,
  "$hide_mob_effects": false,
  "$show_compass": false,
  "$show_pointer": false,
  "$smooth_font": false,
  "$tooltips": true,
  "$hide_item_text": false,
  "$title_item_text": false,
  "$bar_item_text": false,
  "$cooldown_render": true,
  
  "$item_info": false,
  "$shiny_pots": false,
  "$hide_chat": false,
  "$bright_display": false,
  "$direction_hud": false,
  "$chat": true,
  "$paperdoll": false,
  "$armor_hud": false,
  "$status_hud": false,
  "$offhand": false,

    "$1_color_format": [0, 0.2157, 0.651], // Dark Blue
    "$2_color_format": [0.1176, 0.651, 0], // Dark Green
    "$3_color_format": [0, 0.6588, 0.5255], // Dark Aqua
    "$4_color_format": [0.6, 0, 0.0314], // Dark Red
    "$5_color_format": [0.5647, 0, 0.651], // Dark Purple
    "$9_color_format": [0.3098, 0.8545, 1], // Blue
    "$d_color_format": [0.8627, 0.5098, 1],
    // New
    "$generic_button_text_color": [1, 1, 1],

    "$light_button_default_text_color": [1, 1, 1],
    "$light_button_hover_text_color": [1, 1, 1],
    "$light_button_pressed_text_color": [1, 1, 1],
    "$light_button_locked_text_color": [0.7, 0.7, 0.7],

    "$light_toggle_default_text_color": [1, 1, 1],
    "$light_toggle_hover_text_color": [1, 1, 1],
    "$light_toggle_checked_default_text_color": [1, 1, 1],
    "$light_toggle_checked_hover_text_color": [1, 1, 1],

    "$dark_button_default_text_color": [1.0, 1.0, 1.0],
    "$dark_button_hover_text_color": [1.0, 1.0, 1.0],
    "$dark_button_pressed_text_color": [1.0, 1.0, 1.0],
    "$dark_button_locked_text_color": [0.7, 0.7, 0.7],

    "$dark_toggle_default_text_color": [1.0, 1.0, 1.0],
    "$dark_toggle_hover_text_color": [1.0, 1.0, 1.0],
    "$dark_toggle_checked_default_text_color": [1.0, 1.0, 1.0],
    "$dark_toggle_checked_hover_text_color": [1.0, 1.0, 1.0],

    "$tab_unchecked_text_color": [1, 1, 1],
    "$tab_unchecked_hover_text_color": [1, 1, 1],
    "$tab_unchecked_locked_text_color": [0.7, 0.7, 0.7],
    "$tab_unchecked_locked_hover_text_color": [0.7, 0.7, 0.7],

    "$tab_checked_text_color": [1.0, 1.0, 1.0],
    "$tab_checked_hover_text_color": [1.0, 1.0, 1.0],
    "$tab_checked_locked_text_color": [0.7, 0.7, 0.7],
    "$tab_checked_locked_hover_text_color": [0.7, 0.7, 0.7],

    "$title_text_color": [1, 1, 1],
    "$pocket_title_text_color": [1, 1, 1],

    "$light_glyph_default_color": [1, 1, 1],

    "$tab_unchecked_glyph_color": [1, 1, 1],
    "$tab_unchecked_hover_glyph_color": [1, 1, 1],
    "$tab_unchecked_locked_glyph_color": [1, 1, 1],
    "$tab_unchecked_locked_hover_glyph_color": [1, 1, 1],
    "$tab_checked_glyph_color": [1, 1, 1],
    "$tab_checked_hover_glyph_color": [1, 1, 1],
    "$tab_checked_locked_glyph_color": [1, 1, 1],
    "$tab_checked_locked_hover_glyph_color": [1, 1, 1],

    "$tab_secondary_unchecked_text_color": [1.0, 1.0, 1.0],
    "$tab_secondary_unchecked_hover_text_color": [1.0, 1.0, 1.0],
    "$tab_secondary_unchecked_locked_text_color": [1.0, 1.0, 1.0],
    "$tab_secondary_unchecked_locked_hover_text_color": [1.0, 1.0, 1.0],
    "$tab_secondary_checked_text_color": [1.0, 1.0, 1.0],
    "$tab_secondary_checked_hover_text_color": [1.0, 1.0, 1.0],
    "$tab_secondary_checked_locked_text_color": [1.0, 1.0, 1.0],
    "$tab_secondary_checked_locked_hover_text_color": [1.0, 1.0, 1.0]
}