{
  "namespace": "common",

  "toggle_u_2@common.toggle_visuals": {
    "type": "toggle",

    "$focus_id|default": "",
    "$focus_override_down|default": "",
    "$focus_override_up|default": "",
    "$focus_override_left|default": "",
    "$focus_override_right|default": "",
    "focus_identifier": "$focus_id",
    "focus_change_down": "$focus_override_down",
    "focus_change_up": "$focus_override_up",
    "focus_change_left": "$focus_override_left",
    "focus_change_right": "$focus_override_right",
    "$toggle_focus_enabled|default": true,
    "focus_enabled": "$toggle_focus_enabled",
    "focus_magnet_enabled": true,

    "$default_focus_precedence|default": 0,
    "default_focus_precedence": "$default_focus_precedence",

    "$allow_controller_back_button_mapping|default": false,

    "layer": 1,
    "sound_name": "random.click",
    "sound_volume": 1.0,
    "sound_pitch": 1.0,

    "checked_control": "checked",
    "unchecked_control": "unchecked",
    "checked_hover_control": "checked_hover",
    "unchecked_hover_control": "unchecked_hover",
    "checked_locked_control": "checked_locked",
    "unchecked_locked_control": "unchecked_locked",
    "checked_locked_hover_control": "checked_locked_hover",
    "unchecked_locked_hover_control": "unchecked_locked_hover",

    "$radio_toggle_group|default": false,
    "$toggle_default_state|default": false,
    "$toggle_group_forced_index|default": -1,
    "$toggle_group_default_selected|default": 0,
    "$toggle_binding_type|default": "global",
    "$toggle_binding_condition|default": "visible",
    "$toggle_state_binding_name|default": "#toggle_state",
    "$toggle_enabled_binding_type|default": "none",
    "$toggle_enabled_binding_condition|default": "visible",
    "$toggle_enabled_binding_name|default": "#toggle_enabled",
    "$toggle_grid_collection_name|default": "",
    "$toggle_collection_details_type|default": "none",
    "$toggle_collection_detail_name|default": "",

    "$toggle_tts_name|default": "accessibility.toggle.tts.title",
    "$toggle_tts_header_binding_type|default": "none",
    "$toggle_tts_header_binding_condition|default": "visible",
    "$toggle_tts_header_binding_collection_name|default": "",
    "$toggle_tts_header|default": "",
    "$toggle_tts_value_binding_type|default": "none",
    "$toggle_tts_value_binding_condition|default": "visible",
    "$toggle_tts_value_binding_collection_name|default": "",
    "$toggle_tts_override_toggle_value|default": "",
    "$toggle_tts_toggle_on_text|default": "accessibility.state.on",
    "$toggle_tts_toggle_off_text|default": "accessibility.state.off",
    "$toggle_tts_type_priority|default": -100,
    "$toggle_tts_index_priority|default": 150,
    "$toggle_tts_inherit_siblings|default": false,
    "$tts_section_header|default": "",

    "$ignore_tts_enabled_bind|default": false,
    "$toggle_focus_bind|default": "",

    "radio_toggle_group": "$radio_toggle_group",
    "toggle_name": "$toggle_name",
    "toggle_default_state": "$toggle_default_state",
    "toggle_group_forced_index": "$toggle_group_forced_index",
    "toggle_group_default_selected": "$toggle_group_default_selected",
    "toggle_grid_collection_name": "$toggle_grid_collection_name",

    "$enable_directional_toggling|default": false,
    "$toggle_on_button|default": "toggle.toggle_on",
    "$toggle_off_button|default": "toggle.toggle_off",

    "$toggle_tts_enabled_binding_type|default": "none",

    "enable_directional_toggling": "$enable_directional_toggling",
    "toggle_on_button": "$toggle_on_button",
    "toggle_off_button": "$toggle_off_button",

    "tts_toggle_on": "$toggle_tts_toggle_on_text",
    "tts_toggle_off": "$toggle_tts_toggle_off_text",
    "tts_name": "$toggle_tts_name",
    "tts_control_header": "$toggle_tts_header",
    "tts_section_header": "$tts_section_header",
    "tts_override_control_value": "$toggle_tts_override_toggle_value",
    "tts_control_type_order_priority": "$toggle_tts_type_priority",
    "tts_index_priority": "$toggle_tts_index_priority",
    "tts_inherit_siblings": "$toggle_tts_inherit_siblings",

    "button_mappings": [
      {
        "from_button_id": "button.menu_select",
        "to_button_id": "button.menu_select",
        "mapping_type": "pressed"
      },
      {
        "from_button_id": "button.menu_ok",
        "to_button_id": "button.menu_ok",
        "mapping_type": "focused"
      },
      {
        "from_button_id": "button.controller_back",
        "to_button_id": "button.controller_back",
        "mapping_type": "focused",
        "ignored": "(not $allow_controller_back_button_mapping)"
      },
      {
        "ignored": "(not $enable_directional_toggling)",
        "from_button_id": "button.menu_left",
        "to_button_id": "$toggle_off_button",
        "mapping_type": "pressed",
        "input_mode_condition": "gamepad_and_not_gaze"
      },
      {
        "ignored": "(not $enable_directional_toggling)",
        "from_button_id": "button.menu_right",
        "to_button_id": "$toggle_on_button",
        "mapping_type": "pressed",
        "input_mode_condition": "gamepad_and_not_gaze"
      }
    ],

    "$toggle_property_bag|default": {
      "#toggle_state": true
    },

    "property_bag": "$toggle_property_bag",

    "bindings": [
      {
        "binding_type": "$toggle_binding_type",
        "binding_condition": "$toggle_binding_condition",
        "binding_collection_name": "$toggle_grid_collection_name",
        "binding_name": "$toggle_state_binding_name",
        "binding_name_override": "#toggle_state"
      },
      {
        "binding_type": "$toggle_enabled_binding_type",
        "binding_condition": "$toggle_enabled_binding_condition",
        "binding_collection_name": "$toggle_grid_collection_name",
        "binding_name": "$toggle_enabled_binding_name",
        "binding_name_override": "#enabled"
      },
      {
        "binding_type": "$toggle_collection_details_type",
        "binding_collection_name": "$toggle_collection_detail_name"
      },
      {
        "binding_type": "$toggle_tts_header_binding_type",
        "binding_condition": "$toggle_tts_header_binding_condition",
        "binding_collection_name": "$toggle_tts_header_binding_collection_name",
        "binding_name": "$toggle_tts_header"
      },
      {
        "binding_type": "$toggle_tts_value_binding_type",
        "binding_condition": "$toggle_tts_value_binding_condition",
        "binding_collection_name": "$toggle_tts_value_binding_collection_name",
        "binding_name": "$toggle_tts_override_toggle_value"
      },
      {
        "ignored": "$ignore_tts_enabled_bind",
        "binding_type": "$toggle_tts_enabled_binding_type",
        "binding_name": "#tts_enabled",
        "binding_name_override": "#focus_enabled"
      },
      {
        "ignored": "(($toggle_focus_bind = '') and (not $ignore_tts_enabled_bind))",
        "binding_type": "global",
        "binding_name": "$toggle_focus_bind",
        "binding_name_override": "#focus_enabled"
      }
    ]
  },

  "toggle_u@common.toggle_visuals": {
    "type": "toggle",

    "$focus_id|default": "",
    "$focus_override_down|default": "",
    "$focus_override_up|default": "",
    "$focus_override_left|default": "",
    "$focus_override_right|default": "",
    "focus_identifier": "$focus_id",
    "focus_change_down": "$focus_override_down",
    "focus_change_up": "$focus_override_up",
    "focus_change_left": "$focus_override_left",
    "focus_change_right": "$focus_override_right",
    "$toggle_focus_enabled|default": true,
    "focus_enabled": "$toggle_focus_enabled",
    "focus_magnet_enabled": true,

    "$default_focus_precedence|default": 0,
    "default_focus_precedence": "$default_focus_precedence",

    "$allow_controller_back_button_mapping|default": false,

    "layer": 1,
    "sound_name": "random.click",
    "sound_volume": 1.0,
    "sound_pitch": 1.0,

    "checked_control": "checked",
    "unchecked_control": "unchecked",
    "checked_hover_control": "checked_hover",
    "unchecked_hover_control": "unchecked_hover",
    "checked_locked_control": "checked_locked",
    "unchecked_locked_control": "unchecked_locked",
    "checked_locked_hover_control": "checked_locked_hover",
    "unchecked_locked_hover_control": "unchecked_locked_hover",

    "$radio_toggle_group|default": false,
    "$toggle_default_state|default": false,
    "$toggle_group_forced_index|default": -1,
    "$toggle_group_default_selected|default": 0,
    "$toggle_binding_type|default": "global",
    "$toggle_binding_condition|default": "visible",
    "$toggle_state_binding_name|default": "#toggle_state",
    "$toggle_enabled_binding_type|default": "none",
    "$toggle_enabled_binding_condition|default": "visible",
    "$toggle_enabled_binding_name|default": "#toggle_enabled",
    "$toggle_grid_collection_name|default": "",
    "$toggle_collection_details_type|default": "none",
    "$toggle_collection_detail_name|default": "",

    "$toggle_tts_name|default": "accessibility.toggle.tts.title",
    "$toggle_tts_header_binding_type|default": "none",
    "$toggle_tts_header_binding_condition|default": "visible",
    "$toggle_tts_header_binding_collection_name|default": "",
    "$toggle_tts_header|default": "",
    "$toggle_tts_value_binding_type|default": "none",
    "$toggle_tts_value_binding_condition|default": "visible",
    "$toggle_tts_value_binding_collection_name|default": "",
    "$toggle_tts_override_toggle_value|default": "",
    "$toggle_tts_toggle_on_text|default": "accessibility.state.on",
    "$toggle_tts_toggle_off_text|default": "accessibility.state.off",
    "$toggle_tts_type_priority|default": -100,
    "$toggle_tts_index_priority|default": 150,
    "$toggle_tts_inherit_siblings|default": false,
    "$tts_section_header|default": "",

    "$ignore_tts_enabled_bind|default": false,
    "$toggle_focus_bind|default": "",

    "radio_toggle_group": "$radio_toggle_group",
    "toggle_name": "$toggle_name",
    "toggle_default_state": "$toggle_default_state",
    "toggle_group_forced_index": "$toggle_group_forced_index",
    "toggle_group_default_selected": "$toggle_group_default_selected",
    "toggle_grid_collection_name": "$toggle_grid_collection_name",

    "$enable_directional_toggling|default": false,
    "$toggle_on_button|default": "toggle.toggle_on",
    "$toggle_off_button|default": "toggle.toggle_off",

    "$toggle_tts_enabled_binding_type|default": "none",

    "enable_directional_toggling": "$enable_directional_toggling",
    "toggle_on_button": "$toggle_on_button",
    "toggle_off_button": "$toggle_off_button",

    "tts_toggle_on": "$toggle_tts_toggle_on_text",
    "tts_toggle_off": "$toggle_tts_toggle_off_text",
    "tts_name": "$toggle_tts_name",
    "tts_control_header": "$toggle_tts_header",
    "tts_section_header": "$tts_section_header",
    "tts_override_control_value": "$toggle_tts_override_toggle_value",
    "tts_control_type_order_priority": "$toggle_tts_type_priority",
    "tts_index_priority": "$toggle_tts_index_priority",
    "tts_inherit_siblings": "$toggle_tts_inherit_siblings",

    "button_mappings": [
      {
        "from_button_id": "button.menu_select",
        "to_button_id": "button.menu_select",
        "mapping_type": "pressed"
      },
      {
        "from_button_id": "button.menu_ok",
        "to_button_id": "button.menu_ok",
        "mapping_type": "focused"
      },
      {
        "from_button_id": "button.controller_back",
        "to_button_id": "button.controller_back",
        "mapping_type": "focused",
        "ignored": "(not $allow_controller_back_button_mapping)"
      },
      {
        "ignored": "(not $enable_directional_toggling)",
        "from_button_id": "button.menu_left",
        "to_button_id": "$toggle_off_button",
        "mapping_type": "pressed",
        "input_mode_condition": "gamepad_and_not_gaze"
      },
      {
        "ignored": "(not $enable_directional_toggling)",
        "from_button_id": "button.menu_right",
        "to_button_id": "$toggle_on_button",
        "mapping_type": "pressed",
        "input_mode_condition": "gamepad_and_not_gaze"
      }
    ],

    "$toggle_property_bag|default": {
      "#toggle_state": true
    },

    "property_bag": "$toggle_property_bag",

    "bindings": [
      {
        "binding_type": "$toggle_binding_type",
        "binding_condition": "$toggle_binding_condition",
        "binding_collection_name": "$toggle_grid_collection_name",
        "binding_name": "$toggle_state_binding_name",
        "binding_name_override": "#toggle_state"
      },
      {
        "binding_type": "$toggle_enabled_binding_type",
        "binding_condition": "$toggle_enabled_binding_condition",
        "binding_collection_name": "$toggle_grid_collection_name",
        "binding_name": "$toggle_enabled_binding_name",
        "binding_name_override": "#enabled"
      },
      {
        "binding_type": "$toggle_collection_details_type",
        "binding_collection_name": "$toggle_collection_detail_name"
      },
      {
        "binding_type": "$toggle_tts_header_binding_type",
        "binding_condition": "$toggle_tts_header_binding_condition",
        "binding_collection_name": "$toggle_tts_header_binding_collection_name",
        "binding_name": "$toggle_tts_header"
      },
      {
        "binding_type": "$toggle_tts_value_binding_type",
        "binding_condition": "$toggle_tts_value_binding_condition",
        "binding_collection_name": "$toggle_tts_value_binding_collection_name",
        "binding_name": "$toggle_tts_override_toggle_value"
      },
      {
        "ignored": "$ignore_tts_enabled_bind",
        "binding_type": "$toggle_tts_enabled_binding_type",
        "binding_name": "#tts_enabled",
        "binding_name_override": "#focus_enabled"
      },
      {
        "ignored": "(($toggle_focus_bind = '') and (not $ignore_tts_enabled_bind))",
        "binding_type": "global",
        "binding_name": "$toggle_focus_bind",
        "binding_name_override": "#focus_enabled"
      }
    ]
  }
}e_screen": {
    "$screen_center_content|default": "common.empty_panel"
  },

  "base_screen/variables_button_mappings_and_controls": {
    "controls": [
      {
        "bg_no_safezone_screen_panel@$screen_bg_content": {
          "anims": "$background_animations",
          "animation_reset_name": "screen_animation_reset",
          "propagate_alpha": true,
          "disable_anim_fast_forward": true,
          "layer": 2
        }
      },
      {
        "safezone_screen_matrix@common.safezone_outer_matrix": {
          "anims": "$screen_animations",
          "animation_reset_name": "screen_animation_reset",
          "propagate_alpha": true,
          "disable_anim_fast_forward": true,
          "layer": "$safezone_screen_matrix_layer"
        }
      },
      {
        "screen_background@common_dialogs.full_screen_background": {
          "anims": "$screen_animations",
          "animation_reset_name": "screen_animation_reset",
          "propagate_alpha": true,
          "disable_anim_fast_forward": true,
          "layer": -1
        }
      },
      {
        "no_safezone_screen_content@$screen_center_content": {
          "anims": "$screen_animations",
          "animation_reset_name": "screen_animation_reset",
          "propagate_alpha": true,
          "disable_anim_fast_forward": true,
          "layer": 3
        }
      },
      {
        "popup_dialog_bg": {
          "type": "panel",
          "anims": "$background_animations",
          "animation_reset_name": "screen_animation_reset",
          "propagate_alpha": true,
          "disable_anim_fast_forward": true,
          "layer": 2,
          "controls": [
            {
              "popup_dialog_factory": {
                "type": "factory",
                "$is_popup_dialog_in_game|default": true,
                "control_ids": "$popup_dialog_control_ids",
                "$popup_dialog_control_ids|default": {
                  "modal_dialog_popup": "@common_dialogs_dx.modal_dialog_popup_bg"
                },
                "variables": [
                  {
                    "requires": "$is_popup_dialog_in_game",
                    "$popup_dialog_control_ids": {
                      "modal_dialog_popup": "@common_dialogs_dx.modal_dialog_popup_bg_in_game"
                    }
                  }
                ]
              }
            }
          ]
        }
      }
    ]
  }
}