{ "namespace": "aui-play_screen",
  "icon_template": {
    "type": "image",
    "size": [ 22, 22 ],
    "color": "$setting_button_icon_color"
  },
  "world_icon@aui-play_screen.icon_template": { "texture": ".aui/.aui-assets/icons/glyph/play_screen/world_glyph_icon", "color": "$setting_button_icon_color" },
  "friend_icon@aui-play_screen.icon_template": { "texture": ".aui/.aui-assets/icons/glyph/play_screen/multiplayer_glyph_icon", "color": "$setting_button_icon_color" },
  "server_icon@aui-play_screen.icon_template": { "texture": ".aui/.aui-assets/icons/glyph/play_screen/server_glyph_icon", "color": "$setting_button_icon_color" },
  "default_play_screen_panel@aui-play_screen.play_screen_panel": {
    "$tab_content_panel": "aui-play_screen.default_tab_content_panel_layout"
  },
  "default_tab_content_panel_layout": {
    "type": "input_panel",
    "size": [ "100%", "100%" ],
    "ttsSectionContainer": true,
    "$auivar:anim_from|default": [ "25%", 0 ],
    "$auivar:anim_to|default": [ 0, 0 ],
    "animation_reset_name": "screen_animation_reset",
    "anims": [
      "@aui-anim.screen_outro_anim_push",
      "@aui-anim.screen_outro_anim_pop",
      "@aui-anim.screen_intro_anim_push",
      "@aui-anim.screen_intro_anim_pop"
    ],
    "controls": [
      { "worlds_tab_content@aui-play_screen.worlds_tab_content_panel": {} },
      { "friends_tab_content@aui-play_screen.friends_tab_content_panel": {} },
      { "server_tab_content_panel@aui-play_screen.server_tab_content_panel": {} }
  ]},
  "common_tab_content_panel": {
    "type": "panel",
    "controls": [
      { "content@$scroll_tab_content": {
          "layer": 2,
          "anchor_from": "bottom_middle",
          "anchor_to": "bottom_middle",
          "size": [ "100%", "100% - 55px" ],
          "offset": [ 0, -18 ],
          "ttsSectionContainer": true
    }}],
    "bindings": [
      { "binding_type": "view",
        "source_control_name": "$visible_bind_toggle_source_control",
        "source_property_name": "#toggle_state",
        "target_property_name": "#visible"
  }]},
  "play_screen_panel": {
    "type": "panel",
    "size": [ "100% - 85px", "100%" ],
    "offset": [ 0, 0 ],
    "anchor_from": "bottom_middle",
    "anchor_to": "bottom_middle",
    "controls": [
      { "tab_content_panel@$tab_content_panel": { "layer": 2 }}
  ]},
  "adv_tab_content": {
    "type": "panel",
    "controls": [
      { "icon_section": {
          "type": "panel",
          "offset": [ 0, 0 ],
          "controls": [
            { "icon@$tab_icon": { "layer": 2, "anchor_from": "left_middle", "anchor_to": "left_middle" }}
      ]}},
      { "text_section": {
          "type": "panel",
          "controls": [
            { "text@play.common_button_text": {
                "layer": 3,
                "text": "$tab_text_name",
                "anchor_from": "left_middle",
                "anchor_to": "left_middle",
                "offset": [ 24, -5 ]
            }}
      ]}},
      { "count_section": {
          "type": "panel",
          "size": [ "100%c", "100%c" ],
          "offset": [ 23, 5 ],
          "anchor_from": "left_middle",
          "anchor_to": "left_middle",
          "variables": [
            { "requires": "$is_checked_state",
              "$count_background_image": "textures/ui/numberBGFront",
              "$count_text_color": "$secondary_text_color"
            },
            { "requires": "($is_hover_state or not $is_checked_state)",
              "$count_background_image": "textures/ui/numberBGBack",
              "$count_text_color": "$text_color"
          }],
          "controls": [
            { "count_background_image": {
                "type": "image",
                "texture": "$count_background_image",
                "size": [ "100%c + 2px", "100%c" ],
                "layer": 3,
                "controls": [
                  { "count@play.common_button_text": {
                      "layer": 1,
                      "offset": [ 0.51, 1 ],
                      "text": "$count_text_name",
                      "color": "$count_text_color",
                      "bindings": [
                        { "binding_name": "$count_text_name" }
                  ]}}
            ]}}
      ]}}
  ]},
  "top_tab@aui-button.playtab": {
    "$toggle_tts_enabled_binding_type": "global",
    "$radio_toggle_group": true,
    "$unchecked_default_image": ".aui/.aui-assets/buttons/global/tab_box_idle",
    "$unchecked_hover_image": ".aui/.aui-assets/buttons/global/tab_box_hover",
    "$unchecked_locked_image": ".aui/.aui-assets/buttons/global/tab_box_idle",
    "$unchecked_locked_hover_image": ".aui/.aui-assets/global/tab_box_idle",
    "$checked_default_image": ".aui/.aui-assets/buttons/global/tab_box_pressed",
    "$checked_hover_image": ".aui/.aui-assets/buttons/global/tab_box_pressedhover",
    "$checked_locked_image": ".aui/.aui-assets/buttons/global/tab_box_pressed",
    "$checked_locked_hover_image": ".aui/.aui-assets/global/tab_box_pressed",
    "$toggle_name": "navigation_tab",
    "$toggle_group_default_selected": "$default_tab",
    "anchor_to": "top_left",
    "anchor_from": "top_left",
    "$toggle_tts_type_priority": 1001,
    "$toggle_tts_toggle_on_text": "",
    "$toggle_tts_toggle_off_text": "",
    "$toggle_tts_index_priority": 1002
  },
  "world_navigation_tab@aui-play_screen.top_tab": {
    "$tab_view_binding_name": "world_navigation_tab_toggle",
    "$tab_icon": "aui-play_screen.world_icon",
    "$count_text_name": "#world_item_count",
    "$tab_text_name": "selectWorld.tab.worlds",
    "$toggle_group_forced_index": 0,
    "$tab_content": "aui-play_screen.adv_tab_content",
    "variables": [
      { "requires": "$is_editor_mode_enabled",
        "$tab_text_name": "playscreen.editor.worlds"
      }
  ]},
  "friends_navigation_tab@aui-play_screen.top_tab": {
    "$tab_view_binding_name": "friends_navigation_tab_toggle",
    "$tab_icon": "aui-play_screen.friend_icon",
    "$count_text_name": "#friend_world_item_count",
    "$tab_text_name": "selectWorld.tab.friends",
    "$toggle_group_forced_index": 1,
    "$tab_content": "aui-play_screen.adv_tab_content"
  },
  "server_navigation_tab@aui-play_screen.top_tab": {
    "$tab_view_binding_name": "server_navigation_tab_toggle",
    "$tab_icon": "aui-play_screen.server_icon",
    "$count_text_name": "#server_world_item_count",
    "$tab_text_name": "selectWorld.tab.thirdParty",
    "$toggle_group_forced_index": 2,
    "$tab_content": "aui-play_screen.adv_tab_content"
  },
  "worlds_tab_content_panel@aui-play_screen.common_tab_content_panel": {
    "$visible_bind_toggle_source_control": "world_navigation_tab_toggle",
    "$scroll_tab_content": "aui-play_screen_world_section.root_contents"
  },
  "friends_tab_content_panel@aui-play_screen.common_tab_content_panel": {
    "$visible_bind_toggle_source_control": "friends_navigation_tab_toggle",
    "$scroll_tab_content": "aui-play_screen_friend_section.root_contents"
  },
  "server_tab_content_panel@aui-play_screen.common_tab_content_panel": {
    "$visible_bind_toggle_source_control": "server_navigation_tab_toggle",
    "$scroll_tab_content": "aui-play_screen_server_section.root_contents"
  },
  "buttons_element": {
    "type": "stack_panel",
    "orientation": "horizontal",
    "size": [ 275, 25 ],
    "offset": [ 0, 8 ],
    "layer": 3,
    "anchor_from": "top_middle",
    "anchor_to": "top_middle",
    "$auivar:anim_from|default": [ 0, "-25%" ],
    "$auivar:anim_to|default": [ 0, 8 ],
    "animation_reset_name": "screen_animation_reset",
    "anims": [
      "@aui-anim.screen_outro_anim_push",
      "@aui-anim.screen_outro_anim_pop",
      "@aui-anim.screen_intro_anim_push",
      "@aui-anim.screen_intro_anim_pop"
    ],
    "controls": [
      { "world_navigation_tab@aui-play_screen.world_navigation_tab": { "size": [ "fill", "100%" ]}},
      { "friends_navigation_tab@aui-play_screen.friends_navigation_tab": { "size": [ "fill", "100%" ]}},
      { "server_navigation_tab@aui-play_screen.server_navigation_tab": { "size": [ "fill", "100%" ]}}
  ]},
  "label_template": { "type": "label" },
  
  "text_with_outline": {
    "type": "label",
    "shadow": false,
    "text": "$label",
    "controls": [
      { "shadow01@label_template": {
          "text": "$label",
          "color": [ 0, 0, 0 ],
          "offset": [ -1, 0 ],
          "layer": -2
      }},
      { "shadow02@label_template": {
          "text": "$label",
          "color": [ 0, 0, 0 ],
          "offset": [ 1, 0 ],
          "layer": -2
      }},
      { "shadow03@label_template": {
          "text": "$label",
          "color": [ 0, 0, 0 ],
          "offset": [ 0, -1 ],
          "layer": -2
      }},
      { "shadow04@label_template": {
          "text": "$label",
          "color": [ 0, 0, 0 ],
          "offset": [ 0, 1 ],
          "layer": -2
      }}
  ]},
  "global_contents": {
    "type": "panel",
    "controls": [
      { "gamepad_helper_element": {
          "type": "panel",
          "controls": [
            { "left_arrow@aui-play_screen.text_with_outline": {
                "$label": ">",
                "offset": [ 172, 15 ],
                "anchor_from": "top_middle",
                "anchor_to": "top_middle",
                "bindings": [
                  { "binding_name": "#bumper_tooltips_visible",
                    "binding_name_override": "#visible"
                }]
            }},
            { "right_arrow@aui-play_screen.text_with_outline": {
                "$label": "<",
                "offset": [ -172, 15 ],
                "anchor_from": "top_middle",
                "anchor_to": "top_middle",
                "bindings": [
                  { "binding_name": "#bumper_tooltips_visible",
                    "binding_name_override": "#visible"
                }]
            }},
            { "gamepad_helper_left_bumper@common.gamepad_helper_left_bumper": {
                "offset": [ -155, 7 ],
                "anchor_from": "top_middle",
                "anchor_to": "top_middle",
                "$hide_description": true,
                "bindings": [
                  { "binding_name": "#bumper_tooltips_visible",
                    "binding_name_override": "#visible"
                }]
            }},
            { "gamepad_helper_right_bumper@common.gamepad_helper_right_bumper": {
                "offset": [ 155, 7 ],
                "anchor_from": "top_middle",
                "anchor_to": "top_middle",
                "$hide_description": true,
                "bindings": [
                  { "binding_name": "#bumper_tooltips_visible",
                    "binding_name_override": "#visible"
                }]
            }}
      ]}},
      { "keyboard_helper_element": {
          "type": "panel",
          "controls": [
            { "left_arrow@aui-play_screen.text_with_outline": {
                "$label": ">",
                "offset": [ 167, 15 ],
                "anchor_from": "top_middle",
                "anchor_to": "top_middle",
                "bindings": [
                  { "binding_name": "#keyboard_helper_visible",
                    "binding_name_override": "#visible"
                }]
            }},
            { "right_arrow@aui-play_screen.text_with_outline": {
                "$label": "<",
                "offset": [ -167, 15 ],
                "anchor_from": "top_middle",
                "anchor_to": "top_middle",
                "bindings": [
                  { "binding_name": "#keyboard_helper_visible",
                    "binding_name_override": "#visible"
                }]
            }},
            { "keyboard_helper_left_bracket@common.keyboard_left_trigger": {
                "offset": [ -153, 11 ],
                "anchor_from": "top_middle",
                "anchor_to": "top_middle",
                "$hide_description": true,
                "$text_color": [ 1, 1, 1 ]
            }},
            { "keyboard_helper_right_bracket@common.keyboard_right_trigger": {
                "offset": [ 153, 11 ],
                "anchor_from": "top_middle",
                "anchor_to": "top_middle",
                "$hide_description": true,
                "$text_color": [ 1, 1, 1 ]
            }}
      ]}},
      { "status_bottom_bar@aui-common.status_bottom_bar": { "$auivar-screen_name": "\"Play Screen\"", "$auivar-label_no_mcver": true }},
      { "buttons_element@aui-play_screen.buttons_element": {}},
      { "default_play_screen_panel@aui-play_screen.default_play_screen_panel": {}},
      { "menu_title@aui-common.menu_title": { "$auivar-title_text": "PLAY" }}
  ]},
  "root_contents@auicore_configloader.core": {
    "type": "panel",
    "$auivar:back_button": true,
    "controls": [
      { "contents@aui-play_screen.global_contents": {}},
      { "popup_dialog_factory": {
          "type": "factory",
          "control_ids": {
            "join_by_code": "@play.popup_dialog_join_by_code",
            "high_ping_warning": "@aui-play_high_ping_screen.root_contents"
      }}}
]}}