{ "namespace": "aui-pause_screen",
  "root_contents@auicore_configloader.core": {
    "type": "panel",
    "controls": [
      { "status_bottom_bar@aui-common.status_bottom_bar": {
          "$auivar-screen_name": "\"Pause Screen\"",
          "$auivar-label_no_mcver": true
      }},
      { "buttons_element_dynamic@aui-pause_screen.buttons_element_dynamic": { "ignored": "(not $main_menu_background)"}},
      { "buttons_element@aui-pause_screen.buttons_element": { "ignored": "$main_menu_background"}},
      { "general_element@aui-pause_screen.general_element": { "ignored": "(not $legacy_ui_layout)"}},
      { "playerlist_element@aui-pause_screen.playerlist_element": {}}
  ]},
  "general_element": {
    "type": "panel",
    "size": [ 145, 22 ],
    "anchor_from": "top_middle",
    "anchor_to": "top_middle",
    "controls": [
      { "information_panel": {
          "type": "stack_panel",
          "orientation": "vertical",
          "size": [ 145, 22 ],
          "use_child_anchors": true,
          "controls": [
            { "worldname_element": {
                "type": "image",
                "size": [ 145, 22 ],
                "texture": "textures/ui/Black",
                "layer": 3,
                "alpha": "$auivar:config_theme_alpha",
                "anchor_from": "top_right",
                "anchor_to": "top_right",
                "controls": [
                  { "lawnmower": {
                      "type": "stack_panel",
                      "orientation": "horizontal",
                      "anchor_from": "top_left",
                      "anchor_to": "top_left",
                      "controls": [
                        { "world_panel": {
                            "type": "panel",
                            "size": [ 22, "100%" ],
                            "controls": [
                              { "world_image": {
                                  "type": "image",
                                  "anchor_from": "center",
                                  "anchor_to": "center",
                                  "size": [ 22, 22 ],
                                  "layer": 1,
                                  "texture": "pack_icon"
                              }}
                        ]}},
                        { "padding_01": { "type": "panel", "size": [ 2, "100%" ] }},
                        { "label_panel": {
                            "type": "panel",
                            "controls": [
                              { "worldname_label@aui-start_screen.userlabel_element": {
                                  "text": "#worldname",
                                  "$auivar:userlabel_is_bottom": true,
                                  "bindings": [
                                    { "binding_name": "#worldname" }
                              ]}},
                              { "message_label@aui-start_screen.userlabel_element": { "text": "§7Currently playing" }}
                        ]}}
                  ]}}
            ]}}
      ]}}
  ]},
  "playerlist_element@auicore_configloader.core": {
    "type": "panel",
    "$auivar:anim_from|default": [ "25%", 0 ],
    "$auivar:anim_to|default": [ 0, 0 ],
    "animation_reset_name": "screen_animation_reset",
    "anims": [
      "@aui-anim.screen_outro_anim_push",
      "@aui-anim.screen_outro_anim_pop",
      "@aui-anim.screen_intro_anim_push",
      "@aui-anim.screen_intro_anim_pop"
    ],
    "controls": [
      { "playerlist_element@aui-common.header_background_element": {
          "$auivar-header_contents": "aui-pause_screen.scrolling_panel",
          "$auivar-bgsize": [ "30%", "100% - 25px" ],
          "anchor_to": "right_middle",
          "anchor_from": "right_middle",
          "$text": "Player Lists",
          "offset": [ -4, -8 ],
          "bindings": [{ "binding_type": "view", "source_control_name": "auitoggle-playerlist", "source_property_name": "#toggle_state", "target_property_name": "#visible" }]
      }},
      { "playerlist_panel": {
          "type": "panel",
          "size": [ "30%", "100%" ],
          "anchor_from": "right_middle",
          "anchor_to": "right_middle",
          "bindings": [
            { "binding_type": "view",
              "source_control_name": "auitoggle-playerlist",
              "source_property_name": "#toggle_state",
              "target_property_name": "#visible"
          }],
          "controls": [
            { "close_playerlist@aui-toggle.toggle_button": {
                "size": [ 32, "50%" ],
                "offset": [ -35, 0 ],
                "anchor_from": "left_middle",
                "anchor_to": "left_middle",
                "$auivar-toggle_image_size": [ 8, 15 ],
                "$auivar-toggle_image": ".aui/.aui-assets/buttons/pause_screen/close",
                "$default_texture": "",
                "$hover_texture": "",
                "$pressed_texture": "",
                "$pressed_no_hover_texture": "",
                "$toggle_view_binding_name": "auitoggle-playerlist",
                "$toggle_name": "playerlist",
                "$toggle_group_forced_index": 2,
                "$radio_toggle_group": true,
                "$toggle_group_default_selected": 0
            }}
      ]}},
      { "open_playerlist@aui-toggle.toggle_button": {
          "size": [ 32, "50%" ],
          "anchor_from": "right_middle",
          "anchor_to": "right_middle",
          "offset": [ -4, 0 ],
          "$auivar-toggle_image_size": [ 8, 15 ],
          "$auivar-toggle_image": ".aui/.aui-assets/buttons/pause_screen/open",
          "$default_texture": "",
          "$hover_texture": "",
          "$pressed_texture": "",
          "$pressed_no_hover_texture": "",
          "$toggle_view_binding_name": "auitoggle-playerlist",
          "$toggle_name": "playerlist",
          "$toggle_group_forced_index": 1,
          "$radio_toggle_group": true,
          "$toggle_group_default_selected": 0,
          "bindings": [
            { "binding_type": "view",
              "source_control_name": "auitoggle-playerlist",
              "source_property_name": "(not #toggle_state)",
              "target_property_name": "#visible"
          }]
      }}
  ]},
  "scrolling_panel@common.scrolling_panel": {
    "size": [ "100%", "100%" ],
    "$scrolling_pane_size": [ "100%", "100%" ],
    "$scroll_size": [ 2, "100%" ],
    "$show_background": false,
    "layer": 6,
    "$scrolling_content": "aui-pause_screen.playerlist_scroll"
  },
  "buttons_generic_element": {
    "type": "stack_panel",
    "size": [ "100%", 20 ],
    "orientation": "horizontal",
    "anchor_from": "bottom_right",
    "anchor_to": "bottom_right",
    "offset": [ -4, 0 ],
    "controls": [
      { "achievemenet_button@aui-button.dark_glyph_style": {
          "size": [ "fill", 20 ],
          "$pressed_button_name": "button.menu_achievements",
          "$button_content": "aui-button.button_icon_content",
          "$auivar:text_bubble": true,
          "$auivar:button_icon_text": "arc-ui.mainmenu.regular.achievement",
          "$auivar:start_icon_path": ".aui/.aui-assets/icons/glyph/start_screen/achievement"
      }},
      { "skin_button@aui-button.dark_glyph_style": {
          "size": [ "fill", 20 ],
          "$pressed_button_name": "button.to_profile_or_skins_screen",
          "$button_content": "aui-button.button_icon_content",
          "$auivar:text_bubble": true,
          "$auivar:button_icon_text": "arc-ui.mainmenu.regular.skin",
          "$auivar:start_icon_path": ".aui/.aui-assets/icons/glyph/start_screen/skin"
      }},
      { "marketplace_button@aui-button.dark_glyph_style": {
          "ignored": "$no_marketplace_button",
          "size": [ "fill", 20 ],
          "$pressed_button_name": "button.menu_store",
          "$button_content": "aui-button.button_icon_content",
          "$auivar:text_bubble": true,
          "$auivar:button_icon_text": "arc-ui.mainmenu.regular.marketplace",
          "$auivar:start_icon_path": ".aui/.aui-assets/icons/glyph/start_screen/marketplace"
      }},
      { "more_button@aui-button.dark_glyph_style": {
          "size": [ "fill", 20 ],
          "$pressed_button_name": "button.menu_buy_game",
          "$button_content": "aui-button.button_icon_content",
          "$auivar:text_bubble": true,
          "$auivar:button_icon_text": "arc-ui.mainmenu.regular.more",
          "$auivar:start_icon_path": ".aui/.aui-assets/icons/glyph/start_screen/more"
      }}
  ]},
  "buttons_element_dynamic": {
    "type": "image",
    "ignored": "(not $main_menu_background)",
    "texture": ".aui/.aui-assets/text_background",
    "offset": [ 18, -10 ],
    "size": [ "100%c + 8px", "100%c + 8px" ],
    "layer": 1,
    "color": "$slider_background_color",
    "anchor_from": "left_middle",
    "anchor_to": "left_middle",
    "$auivar:anim_from|default": [ "-25%", -10 ],
    "$auivar:anim_to|default": [ 18, -10 ],
    "animation_reset_name": "screen_animation_reset",
    "anims": [
      "@aui-anim.screen_outro_anim_push",
      "@aui-anim.screen_outro_anim_pop",
      "@aui-anim.screen_intro_anim_push",
      "@aui-anim.screen_intro_anim_pop"
    ],
    "controls": [
      { "buttons_element_default@aui-pause_screen.buttons_element_default": { "ignored": "$legacy_ui_layout" }},
      { "buttons_element_legacy@aui-pause_screen.buttons_element_legacy": { "ignored": "(not $legacy_ui_layout)" }}
  ]},
  "buttons_element": {
    "type": "panel",
    "ignored": "$main_menu_background",
    "offset": [ 18, -10 ],
    "size": [ "100%c + 8px", "100%c + 8px" ],
    "anchor_from": "left_middle",
    "anchor_to": "left_middle",
    "$auivar:anim_from|default": [ "-25%", -10 ],
    "$auivar:anim_to|default": [ 18, -10 ],
    "animation_reset_name": "screen_animation_reset",
    "anims": [
      "@aui-anim.screen_outro_anim_push",
      "@aui-anim.screen_outro_anim_pop",
      "@aui-anim.screen_intro_anim_push",
      "@aui-anim.screen_intro_anim_pop"
    ],
    "controls": [
      { "buttons_element_default@aui-pause_screen.buttons_element_default": { "ignored": "$legacy_ui_layout" }},
      { "buttons_element_legacy@aui-pause_screen.buttons_element_legacy": { "ignored": "(not $legacy_ui_layout)" }}
  ]},
  "buttons_element_default@aui-start_screen.buttons_element_stack_core": {
    "$auivar:buttons_element_control": [
      { "title_logo@aui-common.title_logo": {}},
      { "pudding00": { "type": "panel", "size": [ 0, 2 ]}},
      { "buttons_generic_element@aui-pause_screen.buttons_generic_element": {}},
      { "pudding01": { "type": "panel", "size": [ 0, 2 ]}},
      { "play_button@aui-start_screen.play_button": { "$pressed_button_name": "button.menu_continue", "$auivar:button_icon_text": "arc-ui.mainmenu.pause.start" }},
      { "setting_button@aui-start_screen.setting_button": {}},
      { "exit_button@aui-start_screen.exit_button": { "$pressed_button_name": "button.menu_quit", "$auivar:button_icon_text": "arc-ui.mainmenu.pause.exit" }}
  ]},
  "buttons_element_legacy@aui-start_screen.buttons_element_stack_core": {
    "$auivar:buttons_element_control": [
      { "title_logo@aui-common.title_logo": {}},
      { "play_button@aui-start_screen.play_button": { "$pressed_button_name": "button.menu_continue", "$auivar:button_icon_text": "arc-ui.mainmenu.pause.start" }},
      { "setting_button@aui-start_screen.setting_button": {}},
      { "achievement_button@aui-start_screen.achievement_button": {}},
      { "skin_button@aui-start_screen.skin_button": { "$pressed_button_name": "button.to_profile_or_skins_screen" }},
      { "marketplace_button@aui-start_screen.marketplace_button": {}},
      { "exit_button@aui-start_screen.exit_button": { "$pressed_button_name": "button.menu_quit", "$auivar:button_icon_text": "arc-ui.mainmenu.pause.exit" }}
  ]},
  "invite_button@aui-button.dark_glyph_style": {
    "size": [ "100% - 8px", 20 ],
    "$button_content": "aui-button.button_icon_content",
    "$auivar:text_bubble": true,
    "$pressed_button_name": "button.menu_invite_players",
    "$auivar:start_icon_path": ".aui/.aui-assets/icons/glyph/start_screen/invite_player",
    "$auivar:button_icon_text": "pauseScreen.invite",
    "bindings": [
      { "binding_name": "#invite_button_visible",
        "binding_name_override": "#visible",
        "binding_type": "global"
      },
      { "binding_name": "#invite_button_enabled",
        "binding_name_override": "#enabled"
  }]},
  "playerlist_scroll": {
    "type": "stack_panel",
    "orientation": "vertical",
    "size": [ "100%", "100%c" ],
    "layer": 6,
    "use_child_anchors": true,
    "controls": [
      { "pudding00": { "type": "panel", "size": [ 1, 20 ]}},
      { "global_player_grid": {
          "type": "panel",
          "size": [ "100%", "100%c" ],
          "anchor_from": "top_middle",
          "anchor_to": "top_middle",
          "bindings": [ { "binding_name": "(not #list_has_display_objective)", "binding_name_override": "#visible" }],
          "controls": [ { "players_grid@pause.players_grid": { "grid_item_template": "aui-pause_screen.player_grid_item" } }]
      }},
      { "scoreboard_player_grid": {
          "type": "stack_panel",
          "size": [ "100%", "100%c" ],
          "anchor_from": "top_middle",
          "anchor_to": "top_middle",
          "bindings": [ { "binding_name": "#list_has_display_objective", "binding_name_override": "#visible" }],
          "controls": [
            { "scored_players_grid_panel@scoreboard.players_scored_grid_list": {
                "$sb_collection_name": "scoreboard_scored_list_collection",
                "factory": {
                  "name": "scored_list_factory",
                  "control_name": "aui-pause_screen.scoreboard_grid_item"
            }}},
            { "unscored_players_grid_panel@scoreboard.players_unscored_grid_list": {
                "$sb_collection_name": "scoreboard_unscored_list_collection",
                "factory": {
                  "name": "scored_list_factory",
                  "control_name": "aui-pause_screen.scoreboard_grid_item"
            }}}
      ]}},
      { "pudding01": { "type": "panel", "size": [ 1, 2 ]}},
      { "invite_button@aui-pause_screen.invite_button": {}},
      { "pudding02": { "type": "panel", "size": [ 1, 2 ]}}
  ]},
  "scoreboard_grid_item": {
    "type": "stack_panel",
    "size": [ "100%", 18 ],
    "orientation": "horizontal",
    "controls": [
      { "rank_list": {
          "type": "panel",
          "size": [ 10, "100%" ],
          "ignored": "(not $has_score)",
          "controls": [
            { "player_rank": {
                "type": "label",
                "layer": 2,
                "offset": [ 2, 0 ],
                "text_alignment": "center",
                "text": "#player_rank",
                "bindings": [
                  { "binding_name": "#player_rank",
                    "binding_type": "collection",
                    "binding_collection_name": "$sb_collection_name"
                }]
            }}
      ]}},
      { "gamertag_image_panel": {
          "type": "panel",
          "size": [ 21, "100%" ],
          "bindings": [ { "binding_name": "#gamerpic_visible", "binding_type": "collection", "binding_collection_name": "players_collection", "binding_name_override": "#visible" }],
          "controls": [
            { "player_gamer_pic": {
                "type": "image",
                "texture": "#texture",
                "size": [ 16, 16 ],
                "offset": [ 0, 1 ],
                "anchor_from": "top_right",
                "anchor_to": "top_right",
                "texture_file_system": "#texture_source",
                "bindings": [
                { "binding_name": "#player_icon", "binding_type": "collection", "binding_collection_name": "$sb_collection_name", "binding_name_override": "#texture" },
                { "binding_name": "#player_icon_filesystem", "binding_type": "collection", "binding_collection_name": "$sb_collection_name", "binding_name_override": "#texture_file_system" }]
            }}
      ]}},
      { "gamertag_panel": {
          "type": "panel",
          "size": [ "fill", "100%" ],
          "controls": [
            { "gamertag": {
                "type": "label",
                "layer": 2,
                "offset": [ 4, 0 ],
                "anchor_from": "left_middle",
                "anchor_to": "left_middle",
                "text": "#player_name",
                "bindings": [
                  { "binding_name": "#player_name", "binding_type": "collection", "binding_collection_name": "$sb_collection_name" }
            ]}},
            { "gamertag_button@common.button": {
                "size": [ "100%", "100%" ],
                "layer": 10,
                "button_mappings": [ { "from_button_id": "button.menu_select", "to_button_id": "button.player_profile_card", "mapping_type": "pressed" },{ "from_button_id": "button.menu_ok", "to_button_id": "button.player_profile_card", "mapping_type": "focused" }],
                "$pressed_button_name": "button.score_player_profile_card",
                "controls": [{ "hover": { "type": "image", "alpha": 0.5, "color": "$primary_color", "size": [ "100%", "100%" ], "texture": "textures/ui/White" }}],
                "bindings": [
                  { "binding_name": "#button_disabled", "binding_type": "collection", "binding_collection_name": "$sb_collection_name", "binding_name_override": "#visible" },
                  { "binding_name": "#can_click_player_button", "binding_type": "collection", "binding_collection_name": "$sb_collection_name", "binding_name_override": "#enabled"},
                  { "binding_type": "collection_details", "binding_collection_name": "$sb_collection_name" }
            ]}}
      ]}},
      { "score": {
          "type": "panel",
          "size": [ 32, "100%" ],
          "controls": [
            { "this_is_cerified_source_engine": {
                "type": "label",
                "size": [ "default", 10 ],
                "color": "$player_list_score_color",
                "anchor_from": "right_middle",
                "anchor_to": "right_middle",
                "offset": [ 2, 0 ],
                "text": "#player_score",
                "bindings": [
                  { "binding_name": "#player_score",
                    "binding_type": "collection",
                    "binding_collection_name": "$sb_collection_name"
                }]
            }}
      ]}},
      { "permission_panel": {
          "type": "panel",
          "size": [ 32, "100%" ],
          "controls": [
            { "permission_iconlist": {
                "type": "image",
                "layer": 2,
                "texture": "#player_permission_level_icon_texture",
                "size": [ 15, 15 ],
                "bindings": [ { "binding_name": "#player_permission_level_icon_texture", "binding_name_override": "#texture", "binding_type": "collection", "binding_collection_name": "players_collection" }]
            }},
            { "permission_button@common.button": {
                "size": [ "100%", "100%" ],
                "layer": 10,
                "button_mappings": [ { "from_button_id": "button.menu_select", "to_button_id": "button.menu_permission", "mapping_type": "pressed" },{ "from_button_id": "button.menu_ok", "to_button_id": "button.menu_permission", "mapping_type": "focused" }],
                "bindings": [ { "binding_type": "collection_details", "binding_collection_name": "players_collection" }],
                "controls": [{ "hover": { "type": "image", "alpha": 0.5, "color": "$primary_color", "size": [ "100%", "100%" ], "texture": "textures/ui/White" }}]
          }}
      ]}}
  ]},
  "player_grid_item": {
    "type": "stack_panel",
    "size": [ "100%", 18 ],
    "orientation": "horizontal",
    "controls": [
      { "gamertag_image_panel": {
          "type": "panel",
          "size": [ 21, "100%" ],
          "bindings": [ { "binding_name": "#gamerpic_visible", "binding_type": "collection", "binding_collection_name": "players_collection", "binding_name_override": "#visible" }],
          "controls": [
            { "player_gamer_pic": {
                "type": "image",
                "texture": "#texture",
                "size": [ 16, 16 ],
                "offset": [ 0, 1 ],
                "anchor_from": "top_right",
                "anchor_to": "top_right",
                "texture_file_system": "#texture_source",
                "bindings": [{ "binding_name": "#texture", "binding_type": "collection", "binding_collection_name": "players_collection" },{ "binding_name": "#texture_source", "binding_name_override": "#texture_file_system", "binding_type": "collection", "binding_collection_name": "players_collection" },{ "binding_name": "#gamerpic_visible", "binding_type": "collection", "binding_collection_name": "players_collection", "binding_name_override": "#visible" }]
            }}
      ]}},
      { "lan_icon_panel": {
          "type": "panel",
          "size": [ 21, "100%" ],
          "bindings": [ { "binding_name": "#local_icon_visible", "binding_type": "collection", "binding_collection_name": "players_collection", "binding_name_override": "#visible" }],
          "controls": [
            { "player_local_icon": {
                "type": "image",
                "texture": "textures/ui/lan_icon",
                "size": [ 16, 16 ],
                "anchor_from": "top_right",
                "anchor_to": "top_right",
                "layer": 2
            }}
      ]}},
      { "gamertag_panel": {
          "type": "panel",
          "size": [ "fill", "100%" ],
          "controls": [
            { "gamertag": {
                "type": "label",
                "layer": 2,
                "offset": [ 4, 0 ],
                "anchor_from": "left_middle",
                "anchor_to": "left_middle",
                "text": "#gamertag",
                "bindings": [ { "binding_name": "#gamertag", "binding_type": "collection", "binding_collection_name": "players_collection" }]
            }},
            { "gamertag_button@common.button": {
                "size": [ "100%", "100%" ],
                "layer": 10,
                "button_mappings": [ { "from_button_id": "button.menu_select", "to_button_id": "button.player_profile_card", "mapping_type": "pressed" },{ "from_button_id": "button.menu_ok", "to_button_id": "button.player_profile_card", "mapping_type": "focused" }],
                "bindings": [ { "binding_name": "#button_enabled", "binding_type": "collection", "binding_collection_name": "players_collection", "binding_name_override": "#visible" },{ "binding_type": "collection_details", "binding_collection_name": "players_collection" }],
                "controls": [{ "hover": { "type": "image", "alpha": 0.5, "size": [ "100%", "100%" ], "texture": "textures/ui/White", "color": "$primary_color" }}]
            }}
      ]}},
      { "permission_panel": {
          "type": "panel",
          "size": [ 32, "100%" ],
          "controls": [
            { "permission_iconlist": {
                "type": "image",
                "layer": 2,
                "texture": "#player_permission_level_icon_texture",
                "size": [ 15, 15 ],
                "bindings": [ { "binding_name": "#player_permission_level_icon_texture", "binding_name_override": "#texture", "binding_type": "collection", "binding_collection_name": "players_collection" }]
            }},
            { "permission_button@common.button": {
                "size": [ "100%", "100%" ],
                "layer": 10,
                "controls": [
                  { "hover": {
                      "type": "image",
                      "alpha": 0.5,
                      "size": [ "100%", "100%" ],
                      "texture": "textures/ui/White"
                }}],
                "button_mappings": [ { "from_button_id": "button.menu_select", "to_button_id": "button.menu_permission", "mapping_type": "pressed" },{ "from_button_id": "button.menu_ok", "to_button_id": "button.menu_permission", "mapping_type": "focused" }],
                "bindings": [ { "binding_type": "collection_details", "binding_collection_name": "players_collection" }]
            }}
      ]}}
]}}