{
  "namespace": "aui-chat_screen",
  "messages_text": {
    "type": "panel",
    "size": [ "100%", "100%c" ],
    "controls": [
      { "text": {
          "type": "label",
          "color": "$chat_text_color",
          "localize": false,
          "size": [ "100%", "default" ],
          "text": "#text",
          "text_tts": "#text_tts",
          "font_type": "$chat_font_type",
          "font_scale_factor": "$chat_font_scale_factor",
          "line_padding": "$chat_line_spacing"
      }}
    ],
    "bindings": [
      { "binding_name": "#chat_visible",
        "binding_name_override": "#visible"
      }
  ]},
  "message_tts_wrapper@common.tts_label_focus_wrapper": {
    "$tts_label_panel": "aui-chat_screen.messages_text",
    "$focus_border_visible_binding": "#host_options_menu_not_open_and_tts_enabled"
  },
  "messages_stack_panel": {
    "type": "stack_panel",
    "orientation": "vertical",
    "$scrolling_content_anchor_from": "bottom_left",
    "$scrolling_content_anchor_to": "bottom_left",
    "factory": {
      "name": "messages_factory",
      "max_children_size": 100,
      "control_ids": {
        "chat_screen_messages": "chat_screen_messages@aui-chat_screen.message_tts_wrapper"
  }}},
  "messages_scrolling_panel@common.scrolling_panel": {
    "type": "panel",
    "size": [ "100%-2px", "100%-50px" ],
    "anchor_from": "bottom_left",
    "anchor_to": "bottom_left",
    "offset": [ 2, -27 ],
    "$scrolling_content": "chat.messages_stack_panel",
    "$scroll_size": [ 5, "100%-4px" ],
    "$jump_to_bottom_on_update": true,
    "$show_background": false,
    "$always_handle_scrolling": true
  },
  "chat_bottom_panel": {
    "type": "stack_panel",
    "orientation": "horizontal",
    "anchor_from": "bottom_middle",
    "anchor_to": "bottom_middle",
    "size": [ "100%", 27 ],
    "min_size": [ "100%", 27 ],
    "controls": [
      { "keyboard_button@chat.keyboard_button": {} },
      {
        "host_main_button@host_options.host_main_button": {
          "ignored": "$is_pregame",
          "$focus_override_up": "coordinate_dropdown_focus_id"
        }
      },
      { "chat_settings@chat.chat_settings_button": {} },
      { "text_box@chat.text_edit_box": {} },
      { "send_button@chat.send_button": { "offset": [ -20, 0 ] } }
    ]
  },
  "root_contents": {
    "type": "panel",
    "controls": [
      { "chat_scrolling_element@aui-chat_screen.messages_scrolling_panel": {}},
      { "chat_bottom_panel@aui-chat_screen.chat_bottom_panel": { "layer": 2 } }
    ]
}}