{ "namespace": "aui-loading_screen",
  "loading_spin_animation": {
    "anim_type": "flip_book",
    "initial_uv": [ 0, 0 ],
    "frame_count": 16,
    "frame_step": 32,
    "fps": 20,
    "reversible": false,
    "easing": "linear"
  },
  "loading_icon": {
    "type": "image",
    "texture": ".aui/.aui-assets/loadingharlow",
    "size": [ 16, 16 ],
    "uv_size": [ 16, 16 ],
    "uv": "@aui-loading_screen.loading_spin_animation",
    "disable_anim_fast_forward": true,
    "$auivar:anim_from|default": [ 0, "-25% + -70px" ],
    "$auivar:anim_to|default": [ 0, -70 ],
    "animation_reset_name": "screen_animation_reset",
    "anims": [
      "@aui-anim.screen_outro_anim_push",
      "@aui-anim.screen_outro_anim_pop",
      "@aui-anim.screen_intro_anim_push",
      "@aui-anim.screen_intro_anim_pop",
      "@common.screen_exit_animation_push_alpha",
      "@common.screen_exit_animation_pop_alpha",
      "@common.screen_entrance_animation_push_alpha",
      "@common.screen_entrance_animation_pop_alpha"
    ],
    "bindings": [
      { "binding_name": "#loading_spin_animation_visible",
        "binding_name_override": "#visible"
  }]},
  "modal_screen_content": {
    "type": "panel",
    "controls": [
      { "popup_dialog_factory@progress.popup_dialog_factory": {}},
      { "modal_progress_panel@aui-loading_screen.modal_progress_panel": {}}
  ]},
  "modal_progress_panel": {
    "type": "panel",
    "controls": [
      { "progress_title_text@progress.progress_title_text": {
          "font_size": "large",
          "text": "#title_text",
          "text_alignment": "center",
          "offset": [ 0, -40 ],
          "anchor_from": "bottom_middle",
          "anchor_to": "bottom_middle",
          "$auivar:anim_from|default": [ 0, "-25% + -40px" ],
          "$auivar:anim_to|default": [ 0, -40 ],
          "animation_reset_name": "screen_animation_reset",
          "anims": [
            "@aui-anim.screen_outro_anim_push",
            "@aui-anim.screen_outro_anim_pop",
            "@aui-anim.screen_intro_anim_push",
            "@aui-anim.screen_intro_anim_pop",
            "@common.screen_exit_animation_push_alpha",
            "@common.screen_exit_animation_pop_alpha",
            "@common.screen_entrance_animation_push_alpha",
            "@common.screen_entrance_animation_pop_alpha"
          ],
          "bindings": [ { "binding_name": "#title_text" }]
      }},
      { "progress_bar_text@progress.progress_bar_text": {
          "size": [ "100%", 20 ],
          "offset": [ 0, -20 ],
          "anchor_from": "bottom_middle",
          "anchor_to": "bottom_middle",
          "text": "#progress_text",
          "text_alignment": "center",
          "$auivar:anim_from|default": [ 0, "25%" ],
          "$auivar:anim_to|default": [ 0, -20 ],
          "animation_reset_name": "screen_animation_reset",
          "anims": [
            "@aui-anim.screen_outro_anim_push",
            "@aui-anim.screen_outro_anim_pop",
            "@aui-anim.screen_intro_anim_push",
            "@aui-anim.screen_intro_anim_pop",
            "@common.screen_exit_animation_push_alpha",
            "@common.screen_exit_animation_pop_alpha",
            "@common.screen_entrance_animation_push_alpha",
            "@common.screen_entrance_animation_pop_alpha"
          ],
          "bindings": [ { "binding_name": "#progress_text" }]
      }},
      { "progress_bar@progress.progress_bar": {} },
      { "loading_spin@aui-loading_screen.loading_icon": {
          "anchor_from": "bottom_middle",
          "anchor_to": "bottom_middle",
          "offset": [ 0, -70 ],
          "size": [ 32, 32 ]
      }}
  ]},
  "fancy_progress_loading_bars@progress.fancy_progress_loading_bars": {
    "anchor_from": "bottom_middle",
    "anchor_to": "bottom_middle",
    "size": [ "100% - 8px", 8 ],
    "offset": [ 0, -2 ],
    "$auivar:anim_from|default": [ 0, "25%" ],
    "$auivar:anim_to|default": [ 0, -2 ],
    "animation_reset_name": "screen_animation_reset",
    "anims": [
      "@aui-anim.screen_outro_anim_push",
      "@aui-anim.screen_outro_anim_pop",
      "@aui-anim.screen_intro_anim_push",
      "@aui-anim.screen_intro_anim_pop",
      "@common.screen_exit_animation_push_alpha",
      "@common.screen_exit_animation_pop_alpha",
      "@common.screen_entrance_animation_push_alpha",
      "@common.screen_entrance_animation_pop_alpha"
    ],
    "controls": [
      { "experience_bar_full@aui-common.experience_bar_full": { "layer": 2, "bindings": [{ "binding_name": "#loading_bar_percentage", "binding_name_override": "#clip_ratio" }]}},
      { "experience_bar_empty@aui-common.experience_bar_empty": { "layer": 1 }},
      { "loading_text": {
          "type": "label",
          "text": "Loading...",
          "font_type": "MinecraftTen",
          "anchor_from": "bottom_left",
          "anchor_to": "bottom_left",
          "offset": [ 0, -10 ]
      }}
  ]},
  "cancel_button_world_loading@aui-loading_screen.cancel_button": { "size": [ 120, 25 ], "offset": [ -2, -12 ], "anchor_from": "bottom_right", "anchor_to": "bottom_right"},
  "cancel_button@aui-button.light_text_button": { "$pressed_button_name": "button.menu_exit", "$button_text": "#cancel_button_text", "$button_text_binding_type": "global", "bindings": [ { "binding_name": "#cancel_visible", "binding_name_override": "#visible" }]},
  "modal_progress_screen": { "$force_render_below": "$is_pregame", "$is_full_screen_layout": true },
  "progress_title_world_panel": {
    "type": "panel",
    "controls": [
      { "progress_title_text@progress.progress_title_text": {
          "font_size": "large",
          "text": "#title_text",
          "text_alignment": "center",
          "offset": [ 0, -40 ],
          "anchor_from": "bottom_middle",
          "anchor_to": "bottom_middle",
          "$auivar:anim_from|default": [ 0, "-25% + -40px" ],
          "$auivar:anim_to|default": [ 0, -40 ],
          "animation_reset_name": "screen_animation_reset",
          "anims": [
            "@aui-anim.screen_outro_anim_push",
            "@aui-anim.screen_outro_anim_pop",
            "@aui-anim.screen_intro_anim_push",
            "@aui-anim.screen_intro_anim_pop",
            "@common.screen_exit_animation_push_alpha",
            "@common.screen_exit_animation_pop_alpha",
            "@common.screen_entrance_animation_push_alpha",
            "@common.screen_entrance_animation_pop_alpha"
          ],
          "bindings": [ { "binding_name": "#title_text" }]
      }},
      { "progress_bar_text@progress.progress_bar_text": {
          "size": [ "100%", 20 ],
          "localize": false,
          "offset": [ 0, -20 ],
          "anchor_from": "bottom_middle",
          "anchor_to": "bottom_middle",
          "text": "#progress_text",
          "text_alignment": "center",
          "$auivar:anim_from|default": [ 0, "25%" ],
          "$auivar:anim_to|default": [ 0, -20 ],
          "animation_reset_name": "screen_animation_reset",
          "anims": [
            "@aui-anim.screen_outro_anim_push",
            "@aui-anim.screen_outro_anim_pop",
            "@aui-anim.screen_intro_anim_push",
            "@aui-anim.screen_intro_anim_pop",
            "@common.screen_exit_animation_push_alpha",
            "@common.screen_exit_animation_pop_alpha",
            "@common.screen_entrance_animation_push_alpha",
            "@common.screen_entrance_animation_pop_alpha"
          ],
          "bindings": [ { "binding_name": "#progress_text" }]
      }},
      { "loading_icon@aui-loading_screen.loading_icon": {
          "anchor_from": "bottom_middle",
          "anchor_to": "bottom_middle",
          "offset": [ 0, -70 ],
          "size": [ 32, 32 ]
      }}
  ]},
  "progress_title_world_panel_otherworld": {
    "type": "panel",
    "controls": [
      { "progress_title_text@progress.progress_title_text": {
          "font_size": "large",
          "text": "$progress_title_text",
          "offset": [ 18, -40 ],
          "anchor_from": "bottom_left",
          "anchor_to": "bottom_left",
          "$auivar:anim_from|default": [ 18, "-25% + -40px" ],
          "$auivar:anim_to|default": [ 18, -40 ],
          "animation_reset_name": "screen_animation_reset",
          "anims": [
            "@aui-anim.screen_outro_anim_push",
            "@aui-anim.screen_outro_anim_pop",
            "@aui-anim.screen_intro_anim_push",
            "@aui-anim.screen_intro_anim_pop",
            "@common.screen_exit_animation_push_alpha",
            "@common.screen_exit_animation_pop_alpha",
            "@common.screen_entrance_animation_push_alpha",
            "@common.screen_entrance_animation_pop_alpha"
          ]
      }},
      { "progress_bar_text@progress.progress_bar_text": {
          "size": [ "100%", 20 ],
          "localize": false,
          "offset": [ 15, -20 ],
          "anchor_from": "bottom_middle",
          "anchor_to": "bottom_middle",
          "text": "#progress_text",
          "$auivar:anim_from|default": [ 15, "25%" ],
          "$auivar:anim_to|default": [ 15, -20 ],
          "animation_reset_name": "screen_animation_reset",
          "anims": [
            "@aui-anim.screen_outro_anim_push",
            "@aui-anim.screen_outro_anim_pop",
            "@aui-anim.screen_intro_anim_push",
            "@aui-anim.screen_intro_anim_pop",
            "@common.screen_exit_animation_push_alpha",
            "@common.screen_exit_animation_pop_alpha",
            "@common.screen_entrance_animation_push_alpha",
            "@common.screen_entrance_animation_pop_alpha"
          ],
          "bindings": [ { "binding_name": "#progress_text" }]
      }},
      { "loading_icon@aui-loading_screen.loading_icon": {
          "anchor_from": "bottom_right",
          "anchor_to": "bottom_right",
          "offset": [ -35, -35 ],
          "size": [ 32, 32 ],
          "disable_anim_fast_forward": true,
          "$auivar:anim_from|default": [ -35, "-25% + -35px" ],
          "$auivar:anim_to|default": [ -35, -35 ],
          "animation_reset_name": "screen_animation_reset",
          "anims": [
            "@aui-anim.screen_outro_anim_push",
            "@aui-anim.screen_outro_anim_pop",
            "@aui-anim.screen_intro_anim_push",
            "@aui-anim.screen_intro_anim_pop",
            "@common.screen_exit_animation_push_alpha",
            "@common.screen_exit_animation_pop_alpha",
            "@common.screen_entrance_animation_push_alpha",
            "@common.screen_entrance_animation_pop_alpha"
          ]
      }}
  ]},
  "world_modal_progress_panel@progress.world_modal_progress_panel": {
    "size": [ "100%", "100%" ],
    "controls": [
      { "base_content": {
          "type": "panel",
          "anchor_from": "top_left",
          "anchor_to": "top_left",
          "size": [ "100%", "100%" ],
          "offset": [ 0, 0 ],
          "controls": [
            { "popup_dialog_factory@progress.popup_dialog_factory": {}},
            { "progress_title_world_panel@aui-loading_screen.progress_title_world_panel": { "anchor_from": "left_middle", "anchor_to": "left_middle", "offset": [ 4, -3 ]}},
            { "fancy_progress_loading_bars@aui-loading_screen.fancy_progress_loading_bars": {}},
            { "cancel_button_world_loading@aui-loading_screen.cancel_button_world_loading": { "bindings": [ { "binding_name": "#cancel_visible", "binding_name_override": "#visible" }]}}
      ]}}
  ]},
  "world_modal_progress_otherworld@progress.world_modal_progress_panel": {
    "size": [ "100%", "100%" ],
    "controls": [
      { "base_content": {
          "type": "panel",
          "anchor_from": "top_left",
          "anchor_to": "top_left",
          "size": [ "100%", "100%" ],
          "offset": [ 0, 0 ],
          "controls": [
            { "popup_dialog_factory@progress.popup_dialog_factory": {}},
            { "progress_title_world_panel_otherworld@aui-loading_screen.progress_title_world_panel_otherworld": { "anchor_from": "left_middle", "anchor_to": "left_middle", "offset": [ 4, -3 ]}},
            { "fancy_progress_loading_bars@aui-loading_screen.fancy_progress_loading_bars": {}},
            { "cancel_button_world_loading@aui-loading_screen.cancel_button_world_loading": { "bindings": [ { "binding_name": "#cancel_visible", "binding_name_override": "#visible" }]}}
      ]}}
  ]},
  "progress_screen": {
    "type": "screen",
    "$screen_animations": [
      "@common.screen_exit_animation_push_fade",
      "@common.screen_exit_animation_pop_fade"
  ]},
  "overworld_loading_background_core@aui-loading_screen.progress_screen": {
    "type": "panel",
    "controls": [
      { "config_loader@auicore_configloader.core": {
          "type": "panel",
          "controls": [
            { "overworld_loading_background@progress.overworld_loading_background": { "ignored": "$custom_loading_background_overworld" }},
            { "overworld_loading_background_custom": {
                "ignored": "(not $custom_loading_background_overworld)",
                "type": "image",
                "layer": -120,
                "fill": true,
                "texture": "custom_texture/overworld_background",
                "size": [ "100%", "100%" ],
                "animation_reset_name": "screen_animation_reset",
                "anims": [ "@aui-anim.zoom_out" ]
            }}
      ]}}
  ]},
  "nether_loading_background_core@aui-loading_screen.progress_screen": {
    "type": "panel",
    "controls": [
      { "config_loader@auicore_configloader.core": {
          "type": "panel",
          "controls": [
            { "nether_loading_background@progress.nether_loading_background": { "ignored": "$custom_loading_background_nether" }},
            { "nether_loading_background_custom": {
                "ignored": "(not $custom_loading_background_nether)",
                "type": "image",
                "layer": -120,
                "fill": true,
                "texture": "custom_texture/nether_background",
                "size": [ "100%", "100%" ],
                "animation_reset_name": "screen_animation_reset",
                "anims": [ "@aui-anim.zoom_out" ]
            }}
      ]}}
  ]},
  "theend_loading_background_core@aui-loading_screen.progress_screen": {
    "type": "panel",
    "controls": [
      { "config_loader@auicore_configloader.core": {
          "type": "panel",
          "controls": [
            { "theend_loading_background@progress.theend_loading_background": { "ignored": "$custom_loading_background_theend" }},
            { "theend_loading_background_custom": {
                "ignored": "(not $custom_loading_background_theend)",
                "type": "image",
                "layer": -120,
                "fill": true,
                "texture": "custom_texture/theend_background",
                "size": [ "100%", "100%" ],
                "animation_reset_name": "screen_animation_reset",
                "anims": [ "@aui-anim.zoom_out" ]
            }}
      ]}}
  ]},
  "world_convert_modal_progress_screen_content": {
    "type": "panel",
    "layer": 3,
    "controls": [
      { "world_modal_progress_panel@aui-loading_screen.world_modal_progress_panel": {}},
      { "popup_dialog_factory@progress.popup_dialog_factory": {}}
  ]},
  "world_convert_modal_progress_screen_otherworld_content": {
    "type": "panel",
    "layer": 3,
    "controls": [
      { "world_modal_progress_otherworld_panel@aui-loading_screen.world_modal_progress_otherworld": {}},
      { "popup_dialog_factory@progress.popup_dialog_factory": {}}
  ]},
  "world_save_modal_progress_screen_content": {
    "type": "panel",
    "controls": [
      { "world_modal_progress_panel@aui-loading_screen.world_modal_progress_panel": {}},
      { "save_icon@lynxuicommon.lynxui_progressloadingbars": {}},
      { "popup_dialog_factory@progress.popup_dialog_factory": {}}
]}}