{ "namespace": "aui-start_screen",
  "root_contents@auicore_configloader.core": {
    "type": "panel",
    "layer": 10,
    "controls": [
      { "status_bottom_bar@aui-common.status_bottom_bar": {}},
      { "xbox_element@aui-start_screen.xbox_element": { "ignored": "(not $legacy_ui_layout)" }}, 
      { "buttons_element_dynamic@aui-start_screen.buttons_element_dynamic": {}},
      { "buttons_element@aui-start_screen.buttons_element": {}},
      { "warning_element_start@aui-start_screen.warning_element_start": {}}
  ]},
  "warning_element_start@aui-common.warning_element": {
    "$auivar:warning_element_controls": [
      { "stack_panel": {
          "type": "stack_panel",
          "size": [ 300, "100%c" ],
          "orientation": "vertical",
          "controls": [
            { "label00": {
                "type": "label",
                "text": "arc-ui.warning.title",
                "font_type": "MinecraftTen",
                "text_alignment": "left",
                "color": [ 1, 0.8627, 0 ],
                "layer": 11,
                "size": [ 300, 14 ]
            }},
            { "label01": {
                "type": "label",
                "layer": 11,
                "max_size": [ 300, "default" ],
                "text": "arc-ui.warning.start.label01",
                "color": [ 1, 0.8627, 0 ]
            }},
            { "padding_00": { "type": "panel", "size": [ 10, 10 ]}},
            { "label02": {
                "type": "label",
                "layer": 11,
                "max_size": [ 300, "default" ],
                "text": "arc-ui.warning.start.label02",
                "color": [ 1, 0.8627, 0 ]
            }}
      ]}}
  ]},
  "xbox_element": {
    "type": "panel",
    "size": [ 145, 22 ],
    "anchor_from": "top_right",
    "anchor_to": "top_right",
    "controls": [
      { "xbox_nametag_element": {
          "type": "stack_panel",
          "orientation": "vertical",
          "size": [ 145, "100%" ],
          "anchor_from": "top_left",
          "anchor_to": "top_left",
          "use_child_anchors": true,
          "controls": [
            { "xbox_nametag": {
                "type": "image",
                "size": [ 145, 22 ],
                "texture": "textures/ui/Black",
                "layer": 3,
                "alpha": "$auivar:config_theme_alpha",
                "bindings": [
                  { "binding_name": "#gamertag_pic_and_label_visible",
                    "binding_name_override": "#visible"
                }],
                "controls": [
                  { "info": {
                      "type": "stack_panel",
                      "orientation": "horizontal",
                      "anchor_from": "top_left",
                      "anchor_to": "top_left",
                      "controls": [
                        { "gametag_with_image_panel": {
                            "type": "panel",
                            "ignored": "$no_xbox_profile_icon",
                            "size": [ 22, "100%" ],
                            "controls": [
                              { "gametag_profile": {
                                  "type": "image",
                                  "anchor_from": "center",
                                  "anchor_to": "center",
                                  "size": [ 22, 22 ],
                                  "layer": 1,
                                  "bindings": [
                                    { "binding_name": "#gamerpic_texture_path", "binding_name_override": "#texture" },
                                    { "binding_name": "#gamerpic_texture_location_type", "binding_name_override": "#texture_file_system" }
                              ]}}
                        ]}},
                        { "padding_01": { "type": "panel", "size": [ 2, "100%" ] }},
                        { "player_head@aui-common.player_head_element": {}},
                        { "label_panel": {
                            "type": "panel",
                            "controls": [
                              { "gamertag_label@aui-start_screen.userlabel_element": {
                                  "text": "#gamertag_label",
                                  "$auivar:userlabel_is_bottom": true,
                                  "bindings": [
                                    { "binding_name": "#gamertag_label" }
                              ]}},
                              { "message_label@aui-start_screen.userlabel_element": { "text": "arc-ui.username.loggedas" }}
                        ]}}
                  ]}}
            ]}},
            { "localname_nametag": {
                "type": "image",
                "size": [ 145, 22 ],
                "texture": "textures/ui/Black",
                "layer": 3,
                "alpha": "$auivar:config_theme_alpha",
                "bindings": [
                  { "binding_name": "#sign_in_visible",
                    "binding_name_override": "#visible"
                }],
                "controls": [
                  { "localname_information": {
                      "type": "stack_panel",
                      "orientation": "horizontal",
                      "anchor_from": "top_left",
                      "anchor_to": "top_left",
                      "controls": [
                        { "padding_01": { "type": "panel", "size": [ 2, "100%" ] }},
                        { "player_head@aui-common.player_head_element": {}},
                        { "label_panel": {
                            "type": "panel",
                            "controls": [
                              { "localuser_label@aui-start_screen.userlabel_element": {
                                  "text": "#playername",
                                  "$auivar:userlabel_is_bottom": true,
                                  "bindings": [
                                    { "binding_name": "#playername" }
                              ]}},
                              { "message_label@aui-start_screen.userlabel_element": { "text": "arc-ui.username.localacc" }}
                        ]}}
                  ]}}
            ]}},
            { "padding_02": { "type": "panel", "size": [ "100%c", 2 ] }}
      ]}}
  ]},
  "userlabel_element": {
    "type": "label",
    "$auivar:userlabel_is_bottom|default": false,
    "$auivar:userlabel_font_type|default": "kazesawa",
    "$auivar:userlabel_font_scale|default": 0.75,
    "$auivar:userlabel_offset|default": [ 4, -5 ],
    "shadow": true,
    "color": "$main_header_text_color",
    "font_type": "$auivar:userlabel_font_type",
    "font_scale_factor": "$auivar:userlabel_font_scale",
    "offset": "$auivar:userlabel_offset",
    "size": [ "default", 10 ],
    "anchor_from": "left_middle",
    "anchor_to": "left_middle",
    "variables": [
      { "requires": "$auivar:userlabel_is_bottom",
        "$auivar:userlabel_font_type": "dainbold",
        "$auivar:userlabel_font_scale": 0.75,
        "$auivar:userlabel_offset": [ 4, 5 ]
  }]},
  "buttons_generic_element": {
    "type": "stack_panel",
    "size": [ "100%", 20 ],
    "orientation": "horizontal",
    "anchor_from": "bottom_right",
    "anchor_to": "bottom_right",
    "offset": [ -4, 0 ],
    "controls": [
      { "achievemenet_button@aui-button.dark_glyph_style": {
          "size": [ "fill", 20 ],
          "$pressed_button_name": "button.menu_achievements",
          "$button_content": "aui-button.button_icon_content",
          "$auivar:text_bubble": true,
          "$auivar:button_icon_text": "arc-ui.mainmenu.regular.achievement",
          "$auivar:start_icon_path": ".aui/.aui-assets/icons/glyph/start_screen/achievement"
      }},
      { "skin_button@aui-button.dark_glyph_style": {
          "size": [ "fill", 20 ],
          "$pressed_button_name": "button.to_profile_screen",
          "$button_content": "aui-button.button_icon_content",
          "$auivar:text_bubble": true,
          "$auivar:button_icon_text": "arc-ui.mainmenu.regular.skin",
          "$auivar:start_icon_path": ".aui/.aui-assets/icons/glyph/start_screen/skin"
      }},
      { "marketplace_button@aui-button.dark_glyph_style": {
          "ignored": "$no_marketplace_button",
          "size": [ "fill", 20 ],
          "$pressed_button_name": "button.menu_store",
          "$button_content": "aui-button.button_icon_content",
          "$auivar:text_bubble": true,
          "$auivar:button_icon_text": "arc-ui.mainmenu.regular.marketplace",
          "$auivar:start_icon_path": ".aui/.aui-assets/icons/glyph/start_screen/marketplace"
      }},
      { "more_button@aui-button.dark_glyph_style": {
          "size": [ "fill", 20 ],
          "$pressed_button_name": "button.menu_buy_game",
          "$button_content": "aui-button.button_icon_content",
          "$auivar:text_bubble": true,
          "$auivar:button_icon_text": "arc-ui.mainmenu.regular.more",
          "$auivar:start_icon_path": ".aui/.aui-assets/icons/glyph/start_screen/more"
      }}
  ]},
  "buttons_element_dynamic": {
    "type": "image",
    "ignored": "(not $main_menu_background)",
    "texture": ".aui/.aui-assets/text_background",
    "offset": [ 18, -10 ],
    "size": [ "100%c + 8px", "100%c + 8px" ],
    "layer": 1,
    "alpha": "$auivar:config_theme_alpha",
    "color": "$slider_background_color",
    "anchor_from": "left_middle",
    "anchor_to": "left_middle",
    "$auivar:anim_from|default": [ "-25%", -10 ],
    "$auivar:anim_to|default": [ 18, -10 ],
    "animation_reset_name": "screen_animation_reset",
    "anims": [
      "@aui-anim.screen_outro_anim_push",
      "@aui-anim.screen_outro_anim_pop",
      "@aui-anim.screen_intro_anim_push",
      "@aui-anim.screen_intro_anim_pop"
    ],
    "controls": [
      { "buttons_element_default@aui-start_screen.buttons_element_default": { "ignored": "$legacy_ui_layout" }},
      { "buttons_element_legacy@aui-start_screen.buttons_element_legacy": { "ignored": "(not $legacy_ui_layout)" }}
  ]},
  "buttons_element": {
    "type": "panel",
    "ignored": "$main_menu_background",
    "offset": [ 18, -10 ],
    "size": [ "100%c + 8px", "100%c + 8px" ],
    "anchor_from": "left_middle",
    "anchor_to": "left_middle",
    "$auivar:anim_from|default": [ "-25%", -10 ],
    "$auivar:anim_to|default": [ 18, -10 ],
    "animation_reset_name": "screen_animation_reset",
    "anims": [
      "@aui-anim.screen_outro_anim_push",
      "@aui-anim.screen_outro_anim_pop",
      "@aui-anim.screen_intro_anim_push",
      "@aui-anim.screen_intro_anim_pop"
    ],
    "controls": [
      { "buttons_element_default@aui-start_screen.buttons_element_default": { "ignored": "$legacy_ui_layout" }},
      { "buttons_element_legacy@aui-start_screen.buttons_element_legacy": { "ignored": "(not $legacy_ui_layout)" }}
  ]},
  "buttons_element_stack_core": {
    "type": "stack_panel",
    "orientation": "vertical",
    "size": [ 145, "100%c" ],
    "controls": "$auivar:buttons_element_control"
  },
  "buttons_element_default@aui-start_screen.buttons_element_stack_core": {
    "$auivar:buttons_element_control": [
      { "title_logo@aui-common.title_logo": {}},
      { "xbox_element@aui-start_screen.xbox_element": {}},
      { "pudding00": { "type": "panel", "size": [ 0, 2 ]}},
      { "buttons_generic_element@aui-start_screen.buttons_generic_element": {}},
      { "pudding01": { "type": "panel", "size": [ 0, 2 ]}},
      { "play_button@aui-start_screen.play_button": {}},
      { "setting_button@aui-start_screen.setting_button": {}},
      { "exit_button@aui-start_screen.exit_button": {}}
  ]},
  "buttons_element_legacy@aui-start_screen.buttons_element_stack_core": {
    "$auivar:buttons_element_control": [
      { "title_logo@aui-common.title_logo": {}},
      { "play_button@aui-start_screen.play_button": {}},
      { "setting_button@aui-start_screen.setting_button": {}},
      { "achievement_button@aui-start_screen.achievement_button": {}},
      { "skin_button@aui-start_screen.skin_button": {}},
      { "marketplace_button@aui-start_screen.marketplace_button": {}},
      { "exit_button@aui-start_screen.exit_button": {}}
  ]},
  "main_start_button_element@aui-button.dark_glyph_style": {
    "size": [ 145, 25 ],
    "$button_content": "aui-button.button_icon_content",
    "$default_button_texture": "",
    "$hover_button_texture": ".aui/.aui-assets/buttons/start_screen/pressed",
    "$pressed_button_texture": ".aui/.aui-assets/buttons/start_screen/pressed"
  },
  "play_button@aui-start_screen.main_start_button_element": {
    "$pressed_button_name": "$play_button_target",
    "$auivar:start_icon_path": ".aui/.aui-assets/icons/glyph/start_screen/play",
    "$auivar:button_icon_text": "arc-ui.mainmenu.regular.start"
  },
  "achievement_button@aui-start_screen.main_start_button_element": {
    "$pressed_button_name": "button.menu_achievements",
    "$auivar:start_icon_path": ".aui/.aui-assets/icons/glyph/start_screen/achievement",
    "$auivar:button_icon_text": "arc-ui.mainmenu.regular.achievement"
  },
  "skin_button@aui-start_screen.main_start_button_element": {
    "$pressed_button_name": "button.to_profile_screen",
    "$auivar:start_icon_path": ".aui/.aui-assets/icons/glyph/start_screen/skin",
    "$auivar:button_icon_text": "arc-ui.mainmenu.regular.skin"
  },
  "marketplace_button@aui-start_screen.main_start_button_element": {
    "ignored": "$no_marketplace_button",
    "$pressed_button_name": "button.menu_store",
    "$auivar:start_icon_path": ".aui/.aui-assets/icons/glyph/start_screen/marketplace",
    "$auivar:button_icon_text": "arc-ui.mainmenu.regular.marketplace"
  },
  "setting_button@aui-start_screen.main_start_button_element": {
    "$pressed_button_name": "button.menu_settings",
    "$auivar:start_icon_path": ".aui/.aui-assets/icons/glyph/start_screen/setting",
    "$auivar:button_icon_text": "arc-ui.mainmenu.regular.setting"
  },
  "exit_button@aui-start_screen.main_start_button_element": {
    "$pressed_button_name": "button.menu_exit",
    "$auivar:start_icon_path": ".aui/.aui-assets/icons/glyph/start_screen/exit",
    "$auivar:button_icon_text": "arc-ui.mainmenu.regular.exit"
}}