{
  "version": 1,
  "fonts": [
    {
      "font_format": "ttf",
      "version": 1,
      "font_name": "kazesawa",
      "font_file": "font/kazesawa"
    },
    {
      "font_format": "ttf",
      "version": 1,
      "font_name": "dain",
      "font_file": "font/dain"
    },
    {
      "font_format": "ttf",
      "version": 1,
      "font_name": "dainbold",
      "font_file": "font/dainbold"
    },
    {
      "font_format": "ttf",
      "version": 1,
      "font_name": "dainexp",
      "font_file": "font/dainexp"
    },
    {
      "font_format": "ttf",
      "font_name": "MinecraftTen",
      "version": 1,
      "font_file": "font/minecraft-ten",
      "lowPerformanceCompatible": false
    },
    {
      "font_format": "msdf",
      "font_name": "OldSmoothFont",
      "font_file": "font/smooth/smooth_"
    }
  ],
  "font_aliases": [
    {
      "alias": "SmoothFontLatin",
      "fonts": [
        {
          "font_reference": "OldSmoothFont"
        },
        {
          "font_reference": "UnicodeFont",
          "font_ranges": [
            { "first": 54620, "last": 54620 },
            { "first": 44397, "last": 44397 },
            { "first": 50612, "last": 50612 },
            { "first": 45824, "last": 45824 },
            { "first": 48124, "last": 48124 },
            { "first": 57344, "last": 63743 }
          ]
        }
      ]
    },
    {
      "alias": "MinecraftTenEmoticon",
      "fonts": [
        {
          "font_reference": "MinecraftTen"
        },
        {
          "font_reference": "unicode",
          "font_ranges": [
            {
              "first": 57344,
              "last": 63743
            }
          ]
        }
      ]
    },
    {
      "alias": "SmoothSmall",
      "font_scale_factor": 1,
      "fonts": [
        {
          "font_reference": "OldSmoothFont"
        },
        {
          "font_reference": "UnicodeFont",
          "font_ranges": [
            { "first": 54620, "last": 54620 },
            { "first": 44397, "last": 44397 },
            { "first": 50612, "last": 50612 },
            { "first": 45824, "last": 45824 },
            { "first": 48124, "last": 48124 },
            { "first": 57344, "last": 63743 }
          ]
        }
      ]
    }
  ]
}
      }
      ]
    }
  ]
}
