{
  "namespace": "aui-play_screen_world_section",
  "root_contents": {
    "type": "panel",
    "controls": [
      { "world_scroll_content@aui-play_screen_world_section.world_scroll_content": {}}]
  },
  "icon_template": {
    "type": "image",
    "size": [ 16, 16 ]
  },
  "import_icon@aui-play_screen_world_section.icon_template": { "texture": "textures/ui/import" },
  "edit_icon@aui-play_screen_world_section.icon_template": { "texture": "textures/ui/editIcon", "size": [ 22, 16 ]},
  "world_scroll_content@play.common_content": {
    "controls": [
      { "worlds_stack_panel": {
          "type": "stack_panel",
          "size": [ "100%", "100%" ],
          "orientation": "vertical",
          "controls": [
            { "scrolling_panel_sizer": {
                "type": "panel",
                "size": [ "100%", "fill" ],
                "controls": [
                  { "scrolling_panel@play.scrolling_offsets": {
                      "layer": 1,
                      "$scrolling_content": "aui-play_screen_world_section.worlds_scroll_panel"
                }}]
          }}]
    }}]
  },
  "worlds_scroll_panel@play.common_scroll_pane": {
    "controls": [
      { "worlds_list_stack_panel@aui-play_screen_world_section.worlds_stack_panel": {}}
  ]},
  "no_local_worlds_launch_help@aui-button.light_text_button": {
    "$pressed_button_name": "button.no_local_worlds_launch_help",
    "$button_text": "#no_local_worlds_launch_help_button_label",
    "$button_text_binding_type": "global",
    "size": [ "100%", 30 ]
  },
  "import_world_button@aui-button.dark_glyph_style": {
    "variables": [
      { "requires": "($local_world_upload)",
        "$pressed_button_name": "button.archived_world_upload"
      },
      { "requires": "(not $local_world_upload)",
        "$pressed_button_name": "button.menu_import_level"
    }],
    "$button_content": "aui-button.button_icon_content",
    "$auivar:text_bubble": true,
    "$auivar:text_bubble_anchor": "right_middle",
    "$auivar:text_bubble_offset": [ -30, 0 ],
    "$auivar:start_icon_path": "textures/ui/import",
    "$auivar:button_icon_text": "accessibility.play.importWorld",
    "$button_tts_header": "accessibility.play.importWorld",
    "size": [ 30, 30 ],
    "$auivar:ABE_button_shadow": true,
    "$button_size_override": [ "100% + 1px", "100%" ],
    "layer": 2,
    "$create_new_row_focus_override_up|default": "close_button",
    "$focus_override_up": "$create_new_row_focus_override_up",
    "bindings": [
      { "binding_name": "#worlds_tab_import_button_focus_down_override",
        "binding_name_override": "#focus_change_down"
  }]},
  "local_world_item_grid@play.world_item_grid_base": {
    "grid_item_template": "aui-play_screen_world_section.local_world_item",
    "grid_dimension_binding": "#local_world_item_grid_dimension",
    "collection_name": "local_worlds",
    "bindings": [{ "binding_name": "#local_world_item_grid_dimension" }
  ]},
  "local_world_item": {
    "type": "stack_panel",
    "layer": 1,
    "offset": [ 0, 0 ],
    "size": [ "100%", 30 ],
    "orientation": "horizontal",
    "use_child_anchors": true,
    "$local_world_edit_button_visible|default": true,
    "controls": [
      { "pudding01": { "type": "panel", "size": [ 4, "100%" ]}},
      { "item_button": {
          "type": "panel",
          "size": [ "fill", "100% + 1px" ],
          "controls": [
            { "h@aui-play_screen_world_section.local_world_item_button": {}}
      ]}},
      { "edit_button": {
          "type": "panel",
          "size": [ "100%y - 0.5px", "100% + 1px" ],
          "controls": [
            { "h@aui-play_screen_world_section.local_world_edit_button": {}}
      ]}},
      { "pudding02": { "type": "panel", "size": [ 4, "100%" ]}}
  ]},
  "local_world_item_grid": {
    "type": "grid",
    "size": [ "100%", "default" ],
    "layer": 1,
    "grid_item_template": "aui-play_screen_world_section.local_world_item",
    "grid_dimension_binding": "#local_world_item_grid_dimension",
    "collection_name": "local_worlds",
    "bindings": [
      { "binding_name": "#local_world_item_grid_dimension" }
  ]},
  "local_world_edit_button@aui-button.dark_glyph_style": {
    "$button_content": "aui-button.button_icon_content",
    "$auivar:button_icon_size": [ 22, 16 ],
    "$auivar:text_bubble": true,
    "$auivar:text_bubble_anchor": "right_middle",
    "$auivar:text_bubble_offset": [ -30, 0 ],
    "$auivar:start_icon_path": "textures/ui/editIcon",
    "$auivar:button_icon_text": "accessibility.play.editWorld",
    "size": [ "100%y", "100%" ],
    "offset": [ 0, 0 ],
    "$auivar:ABE_button_shadow": true,
    "$pressed_button_name": "button.menu_local_world_item_edit",
    "$button_tts_header": "accessibility.play.editWorld",
    "layer": 2,
    "bindings": [
      { "binding_type": "collection_details",
        "binding_collection_name": "local_worlds"
  }]},
  "edit_world_stack_panel@play.cloud_upload_and_edit_world_stack_panel": {
    "controls": [
      { "edit@aui-play_screen_world_section.local_world_edit_button": {}}
  ]},
  "local_world_item_button@aui-button.dark_glyph_style": {
    "$auivar:ABE_button_shadow": true,
    "$pressed_button_name": "button.menu_start_local_world",
    "$worlds_collection_name": "local_worlds",
    "$world_image_binding_name": "#local_world_image",
    "$world_supports_realmsplus_overlay": true,
    "$world_texture_source_binding_name": "#local_world_texture_source",
    "$world_text_panel_control": "play.local_world_text_panel",
    "$button_content": "play.world_content_panel",
    "bindings": [
      { "binding_type": "collection_details",
        "binding_collection_name": "local_worlds"
      },
      { "binding_type": "collection",
        "binding_name": "#world_button_focus_identifier",
        "binding_name_override": "#focus_identifier",
        "binding_collection_name": "local_worlds"
  }]},
  "create_new_world_button@aui-button.light_text_button": {
    "variables": [
      { "requires": "($local_world_upload)",
        "$pressed_button_name": "button.new_world_upload"
      },
      { "requires": "(not $local_world_upload)",
        "$pressed_button_name": "button.menu_local_world_create"
    }],
    "size": [ "fill", "100%" ],
    "$button_text": "selectWorld.createNew",
    "$button_focus_precedence": 10,
    "$create_new_row_focus_override_up|default": "close_button",
    "$focus_override_up": "$create_new_row_focus_override_up",
    "layer": 1
  },
  "quick_play_button@aui-button.light_text_button": {
    "size": [ "fill", "100%" ],
    "$pressed_button_name": "button.menu_quick_play",
    "$button_text": "menu.quickplay",
    "focus_identifier": "quick_play_button",
    "layer": 1
  },
  "no_local_worlds_switch_setting": {
    "type": "panel",
    "size": [ "100%", "100%c" ],
    "ignored": "$education_edition",
    "controls": [
      { "backgrond": {
          "type": "image",
          "alpha": 0.7,
          "texture": ".aui/.aui-assets/text_background",
          "size": [ "100% - 8px", "100%c + 4px" ],
          "controls": [
            { "no_local_worlds_switch_setting": {
                "type": "stack_panel",
                "orientation": "vertical",
                "size": [ "100% - 8px", "100%c" ],
                "use_child_anchors": true,
                "bindings": [
                  { "binding_name": "#no_local_world_switch_visible",
                    "binding_name_override": "#visible"
                }],
                "controls": [
                  { "no_local_worlds_get_help_label": {
                      "type": "label",
                      "max_size": [ "100%", "100%c" ],
                      "layer": 1,
                      "text": "localWorld.no_local_worlds_present"
                  }},
                  { "storage_location_dropdown_panel": {
                      "type": "stack_panel",
                      "size": [ "100%", 30 ],
                      "layer": 1,
                      "orientation": "horizontal",
                      "controls": [
                        { "storage_location_option_external@aui-setting_screen.dropdown_radio_button": {
                            "size": [ "fill", 30 ],
                            "$toggle_state_binding_name": "#storage_location_radio_external",
                            "$radio_label_text": "options.filelocation.external"
                        }},
                        { "storage_location_option_appdata@aui-setting_screen.dropdown_radio_button": {
                            "size": [ "fill", 30 ],
                            "$toggle_state_binding_name": "#storage_location_radio_package",
                            "$radio_label_text": "options.filelocation.appdata"
                        }}
                    ]}
                }]
            }},
            { "no_local_worlds_switch_setting": {
                "type": "stack_panel",
                "orientation": "vertical",
                "size": [ "100% - 8px", "100%c" ],
                "bindings": [
                  { "binding_name": "#no_local_world_help_visible",
                    "binding_name_override": "#visible"
                }],
                "controls": [
                  { "no_local_worlds_get_help_label": {
                      "type": "label",
                      "layer": 1,
                      "max_size": [ "100%", "100%c" ],
                      "text": "#no_local_worlds_help_label",
                      "bindings": [
                        { "binding_name": "#no_local_worlds_help_label",
                          "binding_type": "global"
                      }]
                  }},
                  { "no_local_worlds_launch_help@aui-play_screen_world_section.no_local_worlds_launch_help": {}
                }]
          }}]
    }}],
    "bindings": [
      { "binding_name": "#no_local_worlds_switch_setting_visible",
        "binding_name_override": "#visible"
  }]},
  "sign_in_to_view_realms_button@aui-button.dark_glyph_style": {
    "$auivar:ABE_button_shadow": true,
    "$pressed_button_name": "button.menu_sign_in_to_view_realms",
    "$button_content": "play.sign_in_to_view_realms_content_panel",
    "size": [ "100% - 8px", 29 ],
    "bindings": [
      {
        "binding_name": "#realms_sign_in_button_visible",
        "binding_name_override": "#visible"
      }
    ]
  },
  "worlds_stack_panel": {
    "type": "stack_panel",
    "orientation": "vertical",
    "size": [ "100%", "100%c" ],
    "controls": [
      { "padding_00": { "type": "panel", "size": [ "100%", 2 ]}},
      { "worldlabel@aui-common.header": {
          "$text": "arc-ui.playscreen.title.controlcenter"
      }},
      { "padding_01": { "type": "panel", "size": [ "100%", 2 ]}},
      { "play_screen_warning@play.realm_warning_tip": {}},
      { "header_button": {
          "ignored": "$local_world_upload",
          "type": "stack_panel",
          "orientation": "vertical",
          "layer": 1,
          "use_child_anchors": true,
          "size": [ "100%", "100%c + 4px" ],
          "controls": [
            { "regular_buttons": {
                "type": "stack_panel",
                "size": [ "100% - 8px", 30 ],
                "orientation": "horizontal",
                "controls": [
                  { "create_new_world_button@aui-play_screen_world_section.create_new_world_button": {}},
                  { "quick_play_button@aui-play_screen_world_section.quick_play_button": {}},
                  { "import_world_button@aui-play_screen_world_section.import_world_button": { "$auivar:ABE_button_shadow": true }}
                ]
          }}]
      }},
      { "padding_02": { "type": "panel", "size": [ "100%", 2 ]}},
      { "realmlabel@aui-common.header": {
          "$text": "arc-ui.playscreen.title.realm"
      }},
      { "padding_03": { "type": "panel", "size": [ "100%", 2 ]}},
      { "realms_panel": {
          "ignored": "(not $is_realms_enabled)",
          "type": "stack_panel",
          "size": [ "100%", "100%c" ],
          "bindings": [
            { "binding_name": "#personal_realms_grid_visible",
              "binding_name_override": "#visible"
          }],
          "$tts_section_header": "playscreen.realms",
          "controls": [
            { "sign_in_to_view_realms_button@aui-play_screen_world_section.sign_in_to_view_realms_button": {}},
            { "create_on_realms_button_panel@play.create_on_realms_button_panel": {}},
            { "personal_realms@play.realms_world_item_grid": {
                "ignored": "$world_picker_screen",
                "$grid_name": "#personal_realms_grid_dimension",
                "$realms_worlds_collection_name": "personal_realms",
                "$grid_item_layout": "play.realms_world_item"
            }},
            { "placeholder_personal_realms_panel@play.label_background": {
                "size": [ "100%", "100%c - 12px" ],
                "min_size": [ "100%", 39 ],
                "ignored": "$world_picker_screen",
                "controls": [
                  { "placeholder_loading_personal_realms": {
                      "type": "grid",
                      "layer": 1,
                      "anchor_to": "top_left",
                      "anchor_from": "top_left",
                      "size": [ "100%", "default" ],
                      "collection_name": "loading_personal_realms",
                      "grid_item_template": "play.empty_grid",
                      "grid_dimension_binding": "#loading_personal_realms_grid_dimension",
                      "bindings": [
                        { "binding_name": "#loading_personal_realms_grid_dimension"
                      }]
                  }},
                  { "loading_friends_realms_label@play.loading_label": { "$message_binding_name": "#realms_loading_display_message" }},
                  { "padding": { "type": "panel", "size": [ "100%", 4 ]}},
                  { "progress_loading_bars@play.progress_loading_bars": {}}],
                "bindings": [
                  { "binding_name": "#loading_personal_realms_grid_visible",
                    "binding_name_override": "#visible"
                }]
            }},
            { "realms_trial_panel": {
                "type": "panel",
                "size": [ "100%", 29 ],
                "controls": [
                  { "realms_world_item_button@common_buttons.dark_content_button": {
                      "size": [ "100%", 30 ],
                      "ignored": "$world_picker_screen",
                      "$pressed_button_name": "button.menu_realm_world_trial",
                      "$button_content": "play.realms_trial_content_panel",
                      "$button_content_text": "#realms_trial_text",
                      "$world_details_text": "playscreen.realmsTrialWorld",
                      "$text_binding_condition": "once",
                      "$world_header_text_binding_type": "global",
                      "$world_details_text_binding_type": "none",
                      "$focus_id": "realms_trial_button",
                      "bindings": [
                        { "binding_name": "#cross_platform_enabled",
                          "binding_name_override": "#enabled"
                      }]
                }}],
                "bindings": [
                  { "binding_type": "global",
                    "binding_name": "#realm_trial_button_visible",
                    "binding_name_override": "#visible"
                }]
            }},
            { "realms_nintendo_first_realm_purchase_panel": {
                "type": "panel",
                "size": [ "100%", 29 ],
                "controls": [
                  { "realms_world_item_button@common_buttons.dark_content_button": {
                      "size": [ "100%", 30 ],
                      "ignored": "$world_picker_screen",
                      "$pressed_button_name": "button.menu_realm_nintendo_first_realm_purchase_button",
                      "$button_content": "play.realms_trial_content_panel",
                      "$button_content_text": "playscreen.realmsCreateFirstWorld",
                      "$focus_id": "realms_trial_button"
                }}],
                "bindings": [
                  { "binding_type": "global",
                    "binding_name": "#realm_nintendo_first_realm_purchase_button_visible",
                    "binding_name_override": "#visible"
                }]
            }},
            { "padding_1": { "type": "panel", "size": [ "100%", 4 ]}}
      ]}},
      { "realms_multiplayer_blocked_panel": {
          "ignored": "(not $is_realms_enabled)",
          "type": "stack_panel",
          "size": [ "100%", "100%c" ],
          "visible": false,
          "bindings": [
            { "binding_name": "#multiplayer_blocked_panel_visible",
              "binding_name_override": "#visible"
          }],
          "controls": [
            { "text_panel@play.label_content_template": {
                "$label_content_label": "playscreen.header.realms",
                "$label_content_content": "play.information_panel",
                "$information_panel_label_text": "#multiplayer_sessions",
                "$information_panel_label_text_binding_type": "global",
                "$information_panel_label_text_binding_condition": "always_when_visible"
            }},
            { "open_uri_button@play.open_account_setting_button": {}}
      ]}},
      { "padding_04": { "type": "panel", "size": [ "100%", 2 ]}},
      { "worldlabel@aui-common.header": {
          "$text": "arc-ui.playscreen.title.world"
      }},
      { "padding_05": { "type": "panel", "size": [ "100%", 2 ]}},
      { "grid@aui-play_screen_world_section.local_world_item_grid": {
          "$tts_section_header": "playscreen.worlds",
          "variables": [
            { "requires": "$pre_release",
              "$tts_section_header": "playscreen.beta_worlds"
          }]
      }},
      { "no_local_worlds_label@play.label_content_template": {
          "ignored": "(not $local_world_upload)",
          "$label_content_label": "",
          "$label_content_content": "play.information_panel",
          "$information_panel_label_text": "localWorld.no_local_world_label",
          "bindings": [
            { "binding_name": "#no_local_worlds",
              "binding_name_override": "#visible"
          }]
      }},
      { "no_local_worlds_switch_setting@aui-play_screen_world_section.no_local_worlds_switch_setting": {}},
      { "pad_hack_panel": { "type": "panel", "size": [ "100%", 3 ] }}
    ]
  }
}