{
  "namespace": "aui-play_screen_server_section",
  "root_contents": {
    "type": "panel",
    "controls": [
      { "servers_scroll_content@aui-play_screen_server_section.servers_scroll_content": {}}]
  },
  "servers_scroll_content@play.common_content": {
    "controls": [
      { "friends_stack_panel": {
          "type": "stack_panel",
          "size": [ "100%", "100%" ],
          "orientation": "vertical",
          "controls": [
            { "scrolling_panel_sizer": {
                "type": "panel",
                "size": [ "100%", "fill" ],
                "controls": [
                  { "scrolling_panel@play.scrolling_offsets": {
                      "layer": 1,
                      "$scrolling_content": "aui-play_screen_server_section.servers_scroll_panel"
                }}]
          }}]
    }}]
  },
  "servers_scroll_panel@play.common_scroll_pane": {
    "controls": [
      { "friends_list_stack_panel@aui-play_screen_server_section.servers_stack_panel": {}}
  ]},
  "add_server_toggle_button@aui-toggle.text_toggle": {
    "visible": "(not $ignore_add_servers)",
    "size": [ "100% - 8px", 30 ],
    "layer": 2,
    "$button_text": "networkWorld.add_server",
    "$radio_toggle_group": true,
    "$toggle_name": "server_navigation_toggle",
    "$toggle_view_binding_name": "add_server_toggle_button",
    "$toggle_state_binding_name": "#toggle_state",
    "$toggle_on_hover_binding_name": "none",
    "$toggle_tab_focus_binding_type": "global",
    "$toggle_tab_focus_binding_name": "#navigation_tab_focus_precedence",
    "$toggle_group_forced_index": 100,
    "$focus_override_up": "left_panel",
    "bindings": [
      { "binding_name": "#add_server_enabled",
        "binding_name_override": "#enabled"
  }]},
  "third_party_featured_server_grid": {
    "type": "grid",
    "size": [ "100%", "default" ],
    "layer": 1,
    "grid_dimension_binding": "#third_party_featured_item_grid_dimension",
    "collection_name": "third_party_server_network_worlds",
    "$collection_name": "third_party_server_network_worlds",
    "ttsSectionContainer": true,
    "$toggle_index_binding_name": "#third_party_toggle_index",
    "bindings": [
      { "binding_name": "#third_party_featured_item_grid_dimension" },
      { "binding_name": "#featured_servers_visible",
        "binding_name_override": "#visible"
    }]
  },
  "server_button_content_panel": {
    "type": "stack_panel",
    "orientation": "horizontal",
    "size": [ "100%", "100% - 4px" ],
    "$auivar:border_texture|default": "textures/ui/default_indent",
    "$auivar:content_offset|default": [ 0, 0 ],
    "variables": [
      { "requires": "$default_state",
        "$auivar:border_texture": "textures/ui/default_indent"
      },
      { "requires": "$hover_state",
        "$auivar:border_texture": "textures/ui/world_screenshot_focus_border"
      },
      { "requires": "$pressed_state",
        "$auivar:border_texture": "textures/ui/world_screenshot_focus_border",
        "$auivar:content_offset": [ 0, 1 ]
    }],
    "controls": [
      { "pudding_00": { "type": "panel", "size": [ 4, 1 ], "ignored": "$auivar:is_public_server"}},
      { "server_icons_core": {
          "type": "panel",
          "size": [ 52, "100%" ],
          "ignored": "$auivar:is_public_server",
          "controls": [
            { "server_icons": {
                "type": "image",
                "layer": 5,
                "size": [ 50, "100% + 8px" ],
                "offset": "$auivar:content_offset",
                "fill": true,
                "bindings": [
                  { "binding_name": "#third_party_server_logo_texture_path",
                    "binding_type": "collection",
                    "binding_name_override": "#texture",
                    "binding_collection_name": "$collection_name"
                  },
                  { "binding_name": "#third_party_server_logo_resource_location",
                    "binding_type": "collection",
                    "binding_name_override": "#texture_file_system",
                    "binding_collection_name": "$collection_name"
                  },
                  { "binding_name": "#third_party_server_logo_resource_location",
                    "binding_name_override": "#texture_file_system"
                }]
            }},
            { "border": {
                "type": "image",
                "offset": "$auivar:content_offset",
                "texture": "$auivar:border_texture",
                "size": [ 52, "100% + 10px" ]
          }}]
      }},
      { "pudding_01": { "type": "panel", "size": [ 4, 1 ]}},
      { "text_element_core": {
          "type": "panel",
          "size": [ "fill", "100%" ],
          "controls": [
            { "header": {
                "type": "label",
                "layer": 1,
                "offset": "$auivar:content_offset",
                "size": [ "100%", 10 ],
                "anchor_from": "top_left",
                "anchor_to": "top_left",
                "text": "#network_world_header",
                "bindings": [
                  { "binding_name": "#network_world_header",
                    "binding_type": "collection",
                    "binding_collection_name": "$collection_name"
                }]
            }},
            { "description": {
                "type": "label",
                "layer": 1,
                "offset": "$auivar:content_offset",
                "size": [ "100%", 10 ],
                "anchor_from": "bottom_left",
                "anchor_to": "bottom_left",
                "text": "#network_world_details",
                "bindings": [
                  { "binding_name": "#network_world_details",
                    "binding_type": "collection",
                    "binding_collection_name": "$collection_name"
                }]
          }}]
      }},
      { "player_count": {
          "type": "panel",
          "size": [ "100%c", "100%" ],
          "controls": [
            { "player_count": {
                "type": "label",
                "text": "#server_player_count",
                "layer": 1,
                "offset": "$auivar:content_offset",
                "anchor_from": "right_middle",
                "anchor_to": "right_middle",
                "size": [ "default", 10 ],
                "bindings": [
                  { "binding_type": "collection",
                    "binding_name": "#server_player_count",
                    "binding_collection_name": "$collection_name"
                  }
                ]
              }
            }
          ]
        }
      },
      { "pudding_02": { "type": "panel", "size": [ 4, 1 ]}},
      { "ping_rate_icon@play.ping_rate_icon": {}}
    ]
  },
  "server_item_template": {
    "type": "stack_panel",
    "size": [ "100%", 30 ],
    "orientation": "horizontal",
    "use_child_anchors": true,
    "$auivar:is_public_server|default": false,
    "controls": [
      { "servers_item_button@aui-button.dark_glyph_style": {
          "size": [ "fill", 30 ],
          "$pressed_button_name": "button.menu_network_world_item",
          "$button_content": "aui-play_screen_server_section.server_button_content_panel",
          "layer": 4,
          "bindings": [
            { "binding_type": "collection_details",
              "binding_collection_name": "$collection_name"
          }]
      }},
      { "server_edit_button@aui-button.dark_glyph_style": {
          "ignored": "(not $auivar:is_public_server)",
          "size": [ 30, 30 ],
          "$pressed_button_name": "button.menu_network_server_world_edit",
          "$button_content": "play.edit_icon",
          "layer": 4,
          "bindings": [
            {
              "binding_type": "collection_details",
              "binding_collection_name": "$collection_name"
          }]
      }}
  ]},
  "servers_stack_panel": {
    "type": "stack_panel",
    "orientation": "vertical",
    "size": [ "100%", "100%c" ],
    "use_child_anchors": true,
    "controls": [
      { "padding_00": { "type": "panel", "size": [ "100%", 2 ]}},
      { "control_center_label@aui-common.header": { "$text": "arc-ui.playscreen.title.controlcenter" }},
      { "padding_00": { "type": "panel", "size": [ "100%", 2 ]}},
      { "add_server_button@aui-play_screen_server_section.add_server_toggle_button": {}},
      { "padding_00": { "type": "panel", "size": [ "100%", 2 ]}},
      { "feature_server_failure": {
          "type": "stack_panel",
          "orientation": "vertical",
          "size": [ "100%", "100%c" ],
          "use_child_anchors": true,
          "bindings": [
            { "binding_name": "#feature_server_message_visible",
              "binding_name_override": "#visible"
          }],
          "controls": [
            { "feature_server_failure@aui-common.header": { "$text": "thirdPartyWorld.Featured" }},
            { "padding_01": { "type": "panel", "size": [ "100%", 2 ]}},
            { "feature_server_message_panel@play.dark_label_background": {
                "size": [ "100% - 8px", "100%c" ],
                "controls": [
                  { "label_panel_layout": {
                      "type": "panel",
                      "size": [ "97%", "100%c + 8px" ],
                      "controls": [
                        { "label": {
                            "type": "label",
                            "$information_label_font|default": "default",
                            "font_type": "smooth",
                            "layer": 1,
                            "shadow": false,
                            "text": "#feature_server_message_text",
                            "bindings": [
                              { "binding_name": "#feature_server_message_text" }
                        ]}}
                  ]}}
            ]}}
      ]}},
      { "servers_crossplatform_disabled_panel@play.crossplatform_disabled_panel": { "$cross_platform_information_text": "crossPlatformToggle.crossPlatformDisabled.servers" }},
      { "no_featured_server_connection@play.information_panel": {
          "size": [ "100% - 8px", "default" ],
          "ignored": "(not $is_ps4)",
          "$information_label_font": "smooth",
          "$information_panel_label_text": "#internet_connection_text",
          "$information_panel_label_text_binding_type": "global",
          "$information_panel_label_text_binding_condition": "always_when_visible",
          "bindings": [
            { "binding_name": "(not #is_network_available)",
              "binding_name_override": "#visible"
          }]
      }},
      { "featured_servers_panel": {
          "type": "stack_panel",
          "size": [ "100%", "100%c" ],
          "ignored": "$ignore_3rd_party_servers",
          "$third_party_featured_servers": "thirdPartyWorld.Featured",
          "$focus_id": "featured_servers_panel",
          "use_child_anchors": true,
          "controls": [
            { "padding_00": { "type": "panel", "size": [ "100%", 2 ]}},
            { "loading_featured_panel@play.label_background": {
                "size": [ "100%", 40 ],
                "controls": [
                  { "loading_friends_realms_label@play.light_loading_label": { "$label_text": "thirdPartyWorld.loadingFeaturedServers" }},
                  { "loading_featured_servers_panel@play.loading_featured_servers_panel": {}
                }],
                "bindings": [
                  { "binding_name": "#loading_servers_progress_visible",
                    "binding_name_override": "#visible"
                }]
            }},
            { "padding_01": { "type": "panel", "size": [ "100%", 2 ]}},
            { "featured_servers_label@aui-common.header": { "$text": "thirdPartyWorld.Featured" }},
            { "padding_01": { "type": "panel", "size": [ "100%", 2 ]}},
            { "third_party_featured_grid@play.third_party_featured_server_grid": {
              "size": [ "100% - 8px", "default" ],
              "anchor_from": "center",
              "anchor_to": "center",
              "$tts_section_header": "thirdPartyWorld.Featured",
              "grid_item_template": "aui-play_screen_server_section.server_item_template"
            }},
            { "padding_02": { "type": "panel", "size": [ "100%", 2 ]}}
          ],
          "bindings": [
            { "binding_name": "#featured_servers_visible_and_available",
              "binding_name_override": "#visible"
            }
      ]}},
      { "public_servers_panel": {
          "type": "stack_panel",
          "size": [ "100%", "100%c" ],
          "ignored": "$ignore_3rd_party_servers",
          "$third_party_featured_servers": "thirdPartyWorld.Featured",
          "$focus_id": "featured_servers_panel",
          "use_child_anchors": true,
          "controls": [
            { "padding_00": { "type": "panel", "size": [ "100%", 2 ]}},
            { "featured_servers_label@aui-common.header": { "$text": "thirdPartyWorld.Additional" }},
            { "padding_00": { "type": "panel", "size": [ "100%", 2 ]}},
            { "third_party_featured_grid@play.more_servers_grid": {
                "size": [ "100% - 8px", "default" ],
                "anchor_from": "center",
                "anchor_to": "center",
                "$auivar:is_public_server": true,
                "$tts_section_header": "networkWorld.more_servers",
                "grid_item_template": "aui-play_screen_server_section.server_item_template"
            }},
            { "padding_01": { "type": "panel", "size": [ "100%", 2 ]}}
          ],
          "bindings": [
            { "binding_name": "#is_additional_server_label_visible",
              "binding_name_override": "#visible"
            }
      ]}}
]}}