{ "namespace": "content_log_history",
  "content_log_history_screen@common.base_screen": {
    "$screen_content": "aui-content_log.root_contents",
    "$screen_bg_content": "aui-common.menu_screen_background",
    "button_mappings": [
      { "from_button_id": "button.menu_cancel",
        "to_button_id": "button.menu_exit",
        "mapping_type": "global"
    }],
    "$screen_animations": [
      "@common.screen_exit_animation_push_fade",
      "@common.screen_exit_animation_pop_fade",
      "@common.screen_entrance_animation_push_fade",
      "@common.screen_entrance_animation_pop_fade"
    ]
}}