{
  "overworld_loading_progress_screen": { "$screen_bg_content": "aui-loading_screen.overworld_loading_background_core", "$screen_content": "aui-loading_screen.world_convert_modal_progress_screen_otherworld_content", "$progress_title_text": "arc-ui.loadingscreen.overworld"},
  "nether_loading_progress_screen": { "$screen_bg_content": "aui-loading_screen.nether_loading_background_core", "$screen_content": "aui-loading_screen.world_convert_modal_progress_screen_otherworld_content", "$progress_title_text": "arc-ui.loadingscreen.nether"},
  "theend_loading_progress_screen": { "$screen_bg_content": "aui-loading_screen.theend_loading_background_core", "$screen_content": "aui-loading_screen.world_convert_modal_progress_screen_otherworld_content", "$progress_title_text": "arc-ui.loadingscreen.end"},
  "world_convert_modal_progress_screen": { "$screen_content": "aui-loading_screen.world_convert_modal_progress_screen_content"},
  "realms_loading_progress_screen": { "$screen_content": "aui-loading_screen.world_modal_progress_panel", "$screen_bg_content": "common.empty_panel", "$use_custom_panorama": "(not $is_holographic)"},
  "world_loading_progress_screen": { "$screen_content": "aui-loading_screen.world_convert_modal_progress_screen_content", "$screen_bg_content": "aui-common.menu_screen_background", "$use_custom_panorama": "(not $is_holographic)"},
  
  "modal_progress_screen": { "$screen_content": "aui-loading_screen.modal_screen_content", "$screen_bg_content": "aui-common.menu_screen_background", "$is_full_screen_layout": true},
  "world_saving_progress_screen": { "$screen_content":"aui-loading_screen.world_save_modal_progress_screen_content", "$screen_bg_content": "aui-common.menu_screen_background", "$progress_title_text": "menu.saving", "$use_custom_panorama": "(not $is_holographic)"},
  "gamepad_helpers": { "anchor_from": "top_left", "anchor_to": "top_left", "offset": [ 0, 32 ]},
  "title_panel_content": { "ignored": true, "$splash_text_visible": false, "layer": -2}
}