{
  "format_version": "1.10.0",
  "animation_controllers": {
    "controller.animation.hud_utility": {
      "initial_state": "default",
      "states": {
        "default": {
          "animations":[
            //scale shield to fit slot size
          	{ "hud_offhand": "query.get_equipped_item_name(1) == 'shield'" },
          	{ "hud_offhand_slot": "query.is_item_equipped(1)" },
            { "hud_armor_root": "query.equipment_count > 0" },
						{ "hud_input_indicator": "v.input_idx > -1" }
          ]
        }
      }
    }
  }
}